,file,age,gender,race,service_test
0,train/10002.jpg,30-39,Male,White,True
1,train/10026.jpg,20-29,Male,East Asian,True
2,train/10101.jpg,60-69,Male,Middle Eastern,True
3,train/10189.jpg,30-39,Female,Latino_Hispanic,True
4,train/10298.jpg,20-29,Male,Middle Eastern,True
5,train/10299.jpg,30-39,Female,Middle Eastern,True
6,train/10326.jpg,20-29,Male,Middle Eastern,True
7,train/10364.jpg,50-59,Female,East Asian,True
8,train/10379.jpg,20-29,Male,Latino_Hispanic,True
9,train/10438.jpg,30-39,Female,Indian,True
10,train/10459.jpg,10-19,Male,East Asian,True
11,train/10504.jpg,20-29,Male,Southeast Asian,True
12,train/10585.jpg,20-29,Male,East Asian,True
13,train/10616.jpg,30-39,Female,Middle Eastern,True
14,train/10620.jpg,20-29,Female,East Asian,True
15,train/1068.jpg,50-59,Male,Black,True
16,train/10688.jpg,30-39,Female,East Asian,True
17,train/10737.jpg,20-29,Male,White,True
18,train/10774.jpg,20-29,Male,East Asian,True
19,train/10812.jpg,30-39,Male,White,True
20,train/10818.jpg,20-29,Female,Southeast Asian,True
21,train/10838.jpg,3-9,Female,Middle Eastern,True
22,train/10898.jpg,20-29,Female,White,True
23,train/10973.jpg,3-9,Female,Middle Eastern,True
24,train/11002.jpg,30-39,Female,East Asian,True
25,train/11010.jpg,3-9,Female,Black,True
26,train/11105.jpg,50-59,Male,Indian,True
27,train/11134.jpg,20-29,Female,White,True
28,train/11292.jpg,10-19,Female,Middle Eastern,True
29,train/11297.jpg,10-19,Male,East Asian,True
30,train/11319.jpg,30-39,Female,East Asian,True
31,train/11377.jpg,20-29,Female,East Asian,True
32,train/11463.jpg,20-29,Male,East Asian,True
33,train/1148.jpg,40-49,Male,White,True
34,train/11516.jpg,10-19,Female,White,True
35,train/11529.jpg,10-19,Male,White,True
36,train/11540.jpg,60-69,Female,White,True
37,train/11543.jpg,60-69,Male,Southeast Asian,True
38,train/11555.jpg,20-29,Male,Southeast Asian,True
39,train/11619.jpg,30-39,Male,Southeast Asian,True
40,train/11629.jpg,30-39,Male,Southeast Asian,True
41,train/11687.jpg,30-39,Female,White,True
42,train/11705.jpg,30-39,Male,Black,True
43,train/11729.jpg,60-69,Female,White,True
44,train/11763.jpg,10-19,Female,Latino_Hispanic,True
45,train/11849.jpg,20-29,Male,White,True
46,train/11931.jpg,40-49,Female,East Asian,True
47,train/11958.jpg,50-59,Male,East Asian,True
48,train/12011.jpg,40-49,Female,Black,True
49,train/12082.jpg,20-29,Female,White,True
50,train/12101.jpg,20-29,Female,Indian,True
51,train/12109.jpg,20-29,Male,Indian,True
52,train/12189.jpg,10-19,Female,Indian,True
53,train/12233.jpg,10-19,Male,White,True
54,train/12356.jpg,30-39,Female,Black,True
55,train/12363.jpg,20-29,Male,Latino_Hispanic,True
56,train/12373.jpg,10-19,Female,White,True
57,train/12393.jpg,50-59,Female,East Asian,True
58,train/12405.jpg,30-39,Female,East Asian,True
59,train/12406.jpg,20-29,Male,White,True
60,train/12422.jpg,30-39,Male,Southeast Asian,True
61,train/1249.jpg,50-59,Female,Latino_Hispanic,True
62,train/12490.jpg,20-29,Female,White,True
63,train/12502.jpg,10-19,Male,East Asian,True
64,train/12537.jpg,20-29,Female,Indian,True
65,train/12555.jpg,10-19,Male,White,True
66,train/12595.jpg,20-29,Male,Indian,True
67,train/1264.jpg,0-2,Male,Latino_Hispanic,True
68,train/12643.jpg,20-29,Male,Latino_Hispanic,True
69,train/12730.jpg,20-29,Female,Southeast Asian,True
70,train/12765.jpg,20-29,Female,Southeast Asian,True
71,train/12776.jpg,30-39,Male,East Asian,True
72,train/12839.jpg,20-29,Male,Middle Eastern,True
73,train/12912.jpg,20-29,Female,Southeast Asian,True
74,train/12918.jpg,40-49,Male,Black,True
75,train/12920.jpg,30-39,Male,Southeast Asian,True
76,train/12928.jpg,20-29,Male,Southeast Asian,True
77,train/12935.jpg,20-29,Female,East Asian,True
78,train/12953.jpg,40-49,Male,White,True
79,train/13040.jpg,3-9,Female,Latino_Hispanic,True
80,train/13064.jpg,3-9,Male,Black,True
81,train/13134.jpg,20-29,Female,Southeast Asian,True
82,train/13181.jpg,40-49,Female,Latino_Hispanic,True
83,train/13214.jpg,50-59,Female,Southeast Asian,True
84,train/13223.jpg,20-29,Male,East Asian,True
85,train/13232.jpg,30-39,Male,Southeast Asian,True
86,train/13239.jpg,10-19,Female,Latino_Hispanic,True
87,train/13302.jpg,40-49,Female,White,True
88,train/13305.jpg,30-39,Male,East Asian,True
89,train/13401.jpg,40-49,Female,Middle Eastern,True
90,train/13418.jpg,30-39,Female,Latino_Hispanic,True
91,train/13469.jpg,20-29,Male,East Asian,True
92,train/13475.jpg,20-29,Female,East Asian,True
93,train/13506.jpg,20-29,Male,Black,True
94,train/13629.jpg,20-29,Female,Latino_Hispanic,True
95,train/13707.jpg,10-19,Male,Black,True
96,train/13805.jpg,30-39,Male,East Asian,True
97,train/13977.jpg,10-19,Female,White,True
98,train/14014.jpg,20-29,Male,Indian,True
99,train/14037.jpg,20-29,Female,East Asian,True
100,train/14048.jpg,20-29,Male,Southeast Asian,True
101,train/14159.jpg,50-59,Male,White,True
102,train/14186.jpg,20-29,Male,White,True
103,train/14218.jpg,3-9,Female,Southeast Asian,True
104,train/14313.jpg,20-29,Female,Black,True
105,train/14322.jpg,30-39,Female,East Asian,True
106,train/14325.jpg,20-29,Female,Black,True
107,train/14338.jpg,40-49,Male,Black,True
108,train/14359.jpg,3-9,Female,White,True
109,train/14360.jpg,20-29,Male,East Asian,True
110,train/14388.jpg,30-39,Male,White,True
111,train/14404.jpg,40-49,Female,East Asian,True
112,train/14410.jpg,20-29,Male,Latino_Hispanic,True
113,train/14455.jpg,40-49,Male,Middle Eastern,True
114,train/14504.jpg,40-49,Male,Indian,True
115,train/14513.jpg,40-49,Male,Black,True
116,train/14527.jpg,20-29,Male,White,True
117,train/14572.jpg,30-39,Male,Southeast Asian,True
118,train/14586.jpg,20-29,Female,White,True
119,train/14594.jpg,60-69,Male,Indian,True
120,train/14616.jpg,20-29,Female,White,True
121,train/14622.jpg,30-39,Male,East Asian,True
122,train/14750.jpg,30-39,Female,White,True
123,train/14774.jpg,40-49,Female,Black,True
124,train/14888.jpg,40-49,Male,Latino_Hispanic,True
125,train/14898.jpg,40-49,Female,Latino_Hispanic,True
126,train/1491.jpg,30-39,Male,White,True
127,train/14995.jpg,30-39,Male,White,True
128,train/15020.jpg,20-29,Male,Middle Eastern,True
129,train/15022.jpg,20-29,Female,East Asian,True
130,train/15034.jpg,20-29,Female,White,True
131,train/15079.jpg,10-19,Male,Latino_Hispanic,True
132,train/15081.jpg,10-19,Female,White,True
133,train/1510.jpg,20-29,Female,Black,True
134,train/1512.jpg,10-19,Male,East Asian,True
135,train/15132.jpg,20-29,Female,Middle Eastern,True
136,train/15140.jpg,3-9,Male,East Asian,True
137,train/15145.jpg,10-19,Female,Southeast Asian,True
138,train/15155.jpg,40-49,Male,Middle Eastern,True
139,train/15166.jpg,3-9,Male,White,True
140,train/15196.jpg,30-39,Female,Black,True
141,train/15269.jpg,30-39,Male,East Asian,True
142,train/15348.jpg,50-59,Male,White,True
143,train/15358.jpg,40-49,Female,White,True
144,train/15488.jpg,20-29,Female,Latino_Hispanic,True
145,train/155.jpg,20-29,Male,Southeast Asian,True
146,train/15580.jpg,60-69,Female,Southeast Asian,True
147,train/1561.jpg,10-19,Female,East Asian,True
148,train/15655.jpg,60-69,Male,East Asian,True
149,train/1567.jpg,30-39,Male,Indian,True
150,train/15703.jpg,20-29,Female,Black,True
151,train/15744.jpg,20-29,Female,Indian,True
152,train/15804.jpg,30-39,Female,Black,True
153,train/15860.jpg,20-29,Male,East Asian,True
154,train/15862.jpg,30-39,Male,Middle Eastern,True
155,train/1587.jpg,40-49,Female,White,True
156,train/15873.jpg,30-39,Male,Indian,True
157,train/15896.jpg,30-39,Female,White,True
158,train/1591.jpg,40-49,Male,Black,True
159,train/15940.jpg,30-39,Male,White,True
160,train/15971.jpg,20-29,Female,Southeast Asian,True
161,train/16021.jpg,20-29,Male,Latino_Hispanic,True
162,train/1610.jpg,30-39,Female,Black,True
163,train/16117.jpg,40-49,Male,Southeast Asian,True
164,train/16139.jpg,40-49,Female,Indian,True
165,train/16166.jpg,30-39,Female,White,True
166,train/1624.jpg,30-39,Male,White,True
167,train/16299.jpg,3-9,Female,Latino_Hispanic,True
168,train/16319.jpg,20-29,Female,Black,True
169,train/16357.jpg,20-29,Male,Black,True
170,train/16385.jpg,20-29,Female,White,True
171,train/16460.jpg,30-39,Male,Middle Eastern,True
172,train/16505.jpg,20-29,Female,Latino_Hispanic,True
173,train/16538.jpg,20-29,Male,Middle Eastern,True
174,train/16552.jpg,20-29,Male,Black,True
175,train/16579.jpg,50-59,Male,Middle Eastern,True
176,train/16583.jpg,3-9,Female,Middle Eastern,True
177,train/1664.jpg,3-9,Female,Black,True
178,train/16708.jpg,30-39,Male,Southeast Asian,True
179,train/16760.jpg,10-19,Female,Black,True
180,train/16776.jpg,20-29,Female,Southeast Asian,True
181,train/16833.jpg,60-69,Male,Black,True
182,train/1684.jpg,30-39,Male,Indian,True
183,train/1688.jpg,3-9,Female,White,True
184,train/1690.jpg,30-39,Female,East Asian,True
185,train/16938.jpg,20-29,Female,Middle Eastern,True
186,train/1699.jpg,30-39,Male,Indian,True
187,train/17063.jpg,10-19,Male,East Asian,True
188,train/17103.jpg,3-9,Male,Black,True
189,train/17115.jpg,50-59,Male,Southeast Asian,True
190,train/17117.jpg,30-39,Female,Middle Eastern,True
191,train/17120.jpg,0-2,Female,Latino_Hispanic,True
192,train/17187.jpg,20-29,Male,Black,True
193,train/17205.jpg,30-39,Male,Black,True
194,train/17242.jpg,3-9,Male,Southeast Asian,True
195,train/17343.jpg,30-39,Female,Black,True
196,train/17354.jpg,20-29,Female,White,True
197,train/17452.jpg,3-9,Male,Black,True
198,train/1748.jpg,50-59,Male,Middle Eastern,True
199,train/17517.jpg,40-49,Male,Black,True
200,train/17530.jpg,20-29,Female,White,True
201,train/1760.jpg,10-19,Female,Latino_Hispanic,True
202,train/17665.jpg,3-9,Female,East Asian,True
203,train/17685.jpg,10-19,Female,Latino_Hispanic,True
204,train/17696.jpg,10-19,Male,White,True
205,train/1772.jpg,20-29,Female,Southeast Asian,True
206,train/17749.jpg,30-39,Male,East Asian,True
207,train/17771.jpg,30-39,Male,Latino_Hispanic,True
208,train/17798.jpg,3-9,Male,Latino_Hispanic,True
209,train/17835.jpg,3-9,Male,Middle Eastern,True
210,train/17839.jpg,10-19,Female,White,True
211,train/17875.jpg,20-29,Female,Black,True
212,train/17877.jpg,50-59,Male,Indian,True
213,train/17895.jpg,20-29,Female,Black,True
214,train/17978.jpg,20-29,Male,East Asian,True
215,train/18003.jpg,20-29,Female,Indian,True
216,train/18016.jpg,40-49,Male,East Asian,True
217,train/18018.jpg,30-39,Female,East Asian,True
218,train/18024.jpg,30-39,Female,Southeast Asian,True
219,train/18025.jpg,20-29,Male,Indian,True
220,train/18076.jpg,20-29,Female,Middle Eastern,True
221,train/18085.jpg,30-39,Female,Middle Eastern,True
222,train/1811.jpg,10-19,Male,Middle Eastern,True
223,train/18127.jpg,50-59,Male,East Asian,True
224,train/18132.jpg,60-69,Female,White,True
225,train/18247.jpg,30-39,Male,White,True
226,train/18292.jpg,20-29,Female,Black,True
227,train/18309.jpg,20-29,Male,Southeast Asian,True
228,train/18339.jpg,20-29,Male,White,True
229,train/18362.jpg,30-39,Male,Latino_Hispanic,True
230,train/18400.jpg,20-29,Female,East Asian,True
231,train/18564.jpg,3-9,Female,Indian,True
232,train/18583.jpg,30-39,Male,Black,True
233,train/18644.jpg,20-29,Female,Middle Eastern,True
234,train/1871.jpg,more than 70,Male,East Asian,True
235,train/18713.jpg,60-69,Male,East Asian,True
236,train/18726.jpg,20-29,Female,East Asian,True
237,train/18805.jpg,40-49,Female,Middle Eastern,True
238,train/18924.jpg,30-39,Female,Middle Eastern,True
239,train/1903.jpg,40-49,Female,East Asian,True
240,train/19048.jpg,40-49,Male,Black,True
241,train/19100.jpg,10-19,Female,Indian,True
242,train/19112.jpg,10-19,Male,Indian,True
243,train/19116.jpg,20-29,Female,Middle Eastern,True
244,train/19122.jpg,10-19,Male,East Asian,True
245,train/1921.jpg,20-29,Female,Indian,True
246,train/19235.jpg,60-69,Male,White,True
247,train/19256.jpg,20-29,Male,White,True
248,train/19267.jpg,3-9,Male,White,True
249,train/19291.jpg,60-69,Female,Southeast Asian,True
250,train/19315.jpg,30-39,Male,East Asian,True
251,train/19356.jpg,30-39,Female,White,True
252,train/19370.jpg,20-29,Female,Black,True
253,train/194.jpg,20-29,Male,East Asian,True
254,train/19439.jpg,20-29,Female,White,True
255,train/19461.jpg,20-29,Male,Southeast Asian,True
256,train/19516.jpg,40-49,Male,Middle Eastern,True
257,train/19532.jpg,20-29,Male,East Asian,True
258,train/19536.jpg,60-69,Female,Indian,True
259,train/19637.jpg,50-59,Male,Middle Eastern,True
260,train/19675.jpg,20-29,Female,Middle Eastern,True
261,train/19695.jpg,20-29,Female,White,True
262,train/19739.jpg,20-29,Female,White,True
263,train/19755.jpg,3-9,Male,Middle Eastern,True
264,train/1976.jpg,20-29,Male,East Asian,True
265,train/1985.jpg,3-9,Male,Middle Eastern,True
266,train/19871.jpg,20-29,Female,Latino_Hispanic,True
267,train/19920.jpg,30-39,Female,Middle Eastern,True
268,train/19996.jpg,3-9,Female,East Asian,True
269,train/20049.jpg,3-9,Male,Latino_Hispanic,True
270,train/20159.jpg,10-19,Female,East Asian,True
271,train/20225.jpg,10-19,Male,Latino_Hispanic,True
272,train/2026.jpg,30-39,Male,White,True
273,train/20274.jpg,20-29,Female,White,True
274,train/20289.jpg,3-9,Male,Southeast Asian,True
275,train/20331.jpg,10-19,Female,White,True
276,train/20360.jpg,20-29,Female,Southeast Asian,True
277,train/20423.jpg,20-29,Female,White,True
278,train/20433.jpg,20-29,Male,Latino_Hispanic,True
279,train/20436.jpg,40-49,Male,White,True
280,train/20480.jpg,3-9,Female,Southeast Asian,True
281,train/20516.jpg,40-49,Male,Latino_Hispanic,True
282,train/20535.jpg,30-39,Female,Black,True
283,train/20562.jpg,20-29,Female,East Asian,True
284,train/20569.jpg,20-29,Male,White,True
285,train/20578.jpg,20-29,Female,Middle Eastern,True
286,train/20589.jpg,20-29,Male,Latino_Hispanic,True
287,train/2063.jpg,20-29,Male,East Asian,True
288,train/20637.jpg,30-39,Female,East Asian,True
289,train/20693.jpg,30-39,Male,East Asian,True
290,train/20754.jpg,40-49,Male,East Asian,True
291,train/20841.jpg,20-29,Female,White,True
292,train/20879.jpg,30-39,Female,Middle Eastern,True
293,train/2094.jpg,20-29,Male,East Asian,True
294,train/2095.jpg,30-39,Female,White,True
295,train/21009.jpg,20-29,Male,White,True
296,train/21051.jpg,10-19,Male,Latino_Hispanic,True
297,train/21070.jpg,30-39,Female,Middle Eastern,True
298,train/21123.jpg,30-39,Male,Middle Eastern,True
299,train/21165.jpg,20-29,Female,Latino_Hispanic,True
300,train/21189.jpg,10-19,Female,Middle Eastern,True
301,train/21205.jpg,3-9,Male,Latino_Hispanic,True
302,train/21285.jpg,30-39,Female,East Asian,True
303,train/21287.jpg,20-29,Male,East Asian,True
304,train/21322.jpg,20-29,Female,East Asian,True
305,train/21410.jpg,3-9,Female,Middle Eastern,True
306,train/21438.jpg,50-59,Male,Southeast Asian,True
307,train/21471.jpg,40-49,Male,Latino_Hispanic,True
308,train/21569.jpg,60-69,Male,Indian,True
309,train/21628.jpg,30-39,Female,Middle Eastern,True
310,train/21637.jpg,20-29,Female,Southeast Asian,True
311,train/21638.jpg,10-19,Female,White,True
312,train/2165.jpg,50-59,Female,East Asian,True
313,train/21657.jpg,20-29,Female,Black,True
314,train/21711.jpg,20-29,Female,White,True
315,train/21721.jpg,50-59,Female,Middle Eastern,True
316,train/21744.jpg,30-39,Female,Indian,True
317,train/21822.jpg,30-39,Female,White,True
318,train/21881.jpg,20-29,Female,Middle Eastern,True
319,train/21929.jpg,20-29,Male,Latino_Hispanic,True
320,train/2193.jpg,20-29,Male,White,True
321,train/22051.jpg,30-39,Male,White,True
322,train/22061.jpg,20-29,Male,White,True
323,train/22111.jpg,40-49,Male,White,True
324,train/2236.jpg,40-49,Female,White,True
325,train/22370.jpg,20-29,Male,Black,True
326,train/22411.jpg,30-39,Female,Latino_Hispanic,True
327,train/22469.jpg,more than 70,Male,White,True
328,train/22474.jpg,20-29,Female,White,True
329,train/22480.jpg,40-49,Male,Middle Eastern,True
330,train/22533.jpg,20-29,Female,Indian,True
331,train/22541.jpg,50-59,Female,East Asian,True
332,train/22599.jpg,30-39,Female,East Asian,True
333,train/22714.jpg,30-39,Male,Middle Eastern,True
334,train/22732.jpg,10-19,Female,Middle Eastern,True
335,train/22741.jpg,20-29,Female,Black,True
336,train/22750.jpg,30-39,Female,Indian,True
337,train/22761.jpg,10-19,Female,White,True
338,train/22857.jpg,30-39,Male,Southeast Asian,True
339,train/22863.jpg,40-49,Female,Indian,True
340,train/2287.jpg,20-29,Female,Middle Eastern,True
341,train/22944.jpg,20-29,Female,Middle Eastern,True
342,train/23.jpg,20-29,Female,Black,True
343,train/23022.jpg,3-9,Female,East Asian,True
344,train/2303.jpg,20-29,Male,Southeast Asian,True
345,train/23068.jpg,20-29,Female,Latino_Hispanic,True
346,train/2312.jpg,20-29,Female,Southeast Asian,True
347,train/23145.jpg,30-39,Male,Indian,True
348,train/2316.jpg,40-49,Female,Middle Eastern,True
349,train/2317.jpg,20-29,Male,Black,True
350,train/23179.jpg,30-39,Female,East Asian,True
351,train/2328.jpg,10-19,Male,East Asian,True
352,train/23297.jpg,30-39,Male,Southeast Asian,True
353,train/23318.jpg,20-29,Male,Southeast Asian,True
354,train/2332.jpg,60-69,Female,Middle Eastern,True
355,train/23340.jpg,40-49,Female,Indian,True
356,train/2342.jpg,0-2,Female,Black,True
357,train/23479.jpg,20-29,Male,Middle Eastern,True
358,train/23505.jpg,20-29,Female,White,True
359,train/23606.jpg,20-29,Female,Latino_Hispanic,True
360,train/23627.jpg,20-29,Male,White,True
361,train/23651.jpg,30-39,Female,Middle Eastern,True
362,train/2367.jpg,30-39,Male,East Asian,True
363,train/23687.jpg,20-29,Female,Southeast Asian,True
364,train/23731.jpg,30-39,Male,Indian,True
365,train/23740.jpg,20-29,Male,Middle Eastern,True
366,train/23772.jpg,3-9,Female,East Asian,True
367,train/23782.jpg,20-29,Female,East Asian,True
368,train/2385.jpg,20-29,Female,Latino_Hispanic,True
369,train/2398.jpg,10-19,Male,White,True
370,train/23980.jpg,20-29,Female,East Asian,True
371,train/24014.jpg,50-59,Male,Middle Eastern,True
372,train/24019.jpg,50-59,Male,White,True
373,train/24064.jpg,more than 70,Male,Southeast Asian,True
374,train/24079.jpg,30-39,Female,East Asian,True
375,train/24119.jpg,40-49,Female,Latino_Hispanic,True
376,train/24191.jpg,20-29,Male,Latino_Hispanic,True
377,train/24203.jpg,20-29,Male,Indian,True
378,train/24328.jpg,30-39,Male,Middle Eastern,True
379,train/24330.jpg,20-29,Male,Black,True
380,train/24339.jpg,10-19,Male,Southeast Asian,True
381,train/24359.jpg,20-29,Male,Middle Eastern,True
382,train/24366.jpg,3-9,Female,Latino_Hispanic,True
383,train/24377.jpg,20-29,Female,Middle Eastern,True
384,train/24404.jpg,20-29,Male,Latino_Hispanic,True
385,train/24572.jpg,30-39,Male,Latino_Hispanic,True
386,train/24579.jpg,20-29,Male,Latino_Hispanic,True
387,train/2459.jpg,30-39,Male,Black,True
388,train/24594.jpg,10-19,Male,Southeast Asian,True
389,train/2462.jpg,20-29,Female,White,True
390,train/24626.jpg,50-59,Female,White,True
391,train/24722.jpg,3-9,Female,Latino_Hispanic,True
392,train/24787.jpg,20-29,Female,Latino_Hispanic,True
393,train/24874.jpg,20-29,Female,Black,True
394,train/24991.jpg,20-29,Male,East Asian,True
395,train/2501.jpg,30-39,Female,East Asian,True
396,train/25066.jpg,50-59,Male,Southeast Asian,True
397,train/25112.jpg,20-29,Female,Black,True
398,train/25121.jpg,20-29,Female,Southeast Asian,True
399,train/25155.jpg,40-49,Female,Indian,True
400,train/25164.jpg,30-39,Male,Indian,True
401,train/25170.jpg,30-39,Female,Indian,True
402,train/25230.jpg,20-29,Male,Indian,True
403,train/25234.jpg,20-29,Male,East Asian,True
404,train/25235.jpg,40-49,Female,Black,True
405,train/25238.jpg,50-59,Male,Black,True
406,train/25243.jpg,40-49,Female,White,True
407,train/25253.jpg,20-29,Female,East Asian,True
408,train/25266.jpg,30-39,Male,Latino_Hispanic,True
409,train/25269.jpg,50-59,Male,Latino_Hispanic,True
410,train/2532.jpg,30-39,Female,White,True
411,train/25347.jpg,40-49,Female,Middle Eastern,True
412,train/25372.jpg,30-39,Female,White,True
413,train/25512.jpg,10-19,Female,White,True
414,train/25539.jpg,40-49,Male,Black,True
415,train/25625.jpg,20-29,Female,Black,True
416,train/25649.jpg,20-29,Female,East Asian,True
417,train/25671.jpg,40-49,Female,White,True
418,train/25673.jpg,20-29,Male,Indian,True
419,train/25703.jpg,30-39,Male,East Asian,True
420,train/25708.jpg,20-29,Female,Black,True
421,train/25716.jpg,40-49,Male,East Asian,True
422,train/25736.jpg,50-59,Male,Middle Eastern,True
423,train/25768.jpg,50-59,Male,East Asian,True
424,train/25775.jpg,20-29,Female,Middle Eastern,True
425,train/25853.jpg,30-39,Male,White,True
426,train/26005.jpg,20-29,Male,Middle Eastern,True
427,train/26088.jpg,20-29,Male,Indian,True
428,train/26117.jpg,20-29,Female,Southeast Asian,True
429,train/26200.jpg,40-49,Male,Middle Eastern,True
430,train/2627.jpg,30-39,Male,Southeast Asian,True
431,train/26315.jpg,10-19,Female,Black,True
432,train/26327.jpg,30-39,Male,White,True
433,train/2640.jpg,20-29,Female,White,True
434,train/26409.jpg,10-19,Male,Black,True
435,train/26481.jpg,3-9,Female,Latino_Hispanic,True
436,train/26487.jpg,40-49,Male,Indian,True
437,train/26491.jpg,40-49,Male,White,True
438,train/2650.jpg,20-29,Female,White,True
439,train/26514.jpg,30-39,Male,Southeast Asian,True
440,train/26539.jpg,20-29,Male,White,True
441,train/26543.jpg,50-59,Female,East Asian,True
442,train/26564.jpg,60-69,Male,Southeast Asian,True
443,train/26591.jpg,40-49,Male,Middle Eastern,True
444,train/26602.jpg,40-49,Male,East Asian,True
445,train/26628.jpg,20-29,Male,White,True
446,train/26662.jpg,30-39,Female,Middle Eastern,True
447,train/268.jpg,20-29,Male,Latino_Hispanic,True
448,train/26830.jpg,20-29,Male,Black,True
449,train/26868.jpg,30-39,Male,Southeast Asian,True
450,train/26917.jpg,10-19,Male,Southeast Asian,True
451,train/26927.jpg,3-9,Female,Southeast Asian,True
452,train/26937.jpg,50-59,Male,White,True
453,train/26963.jpg,30-39,Male,Indian,True
454,train/26968.jpg,3-9,Male,Middle Eastern,True
455,train/26998.jpg,3-9,Male,White,True
456,train/2701.jpg,30-39,Male,Black,True
457,train/27110.jpg,30-39,Male,Southeast Asian,True
458,train/27182.jpg,20-29,Male,Latino_Hispanic,True
459,train/27185.jpg,30-39,Male,Black,True
460,train/27194.jpg,50-59,Male,White,True
461,train/27262.jpg,20-29,Female,Indian,True
462,train/27385.jpg,30-39,Female,Black,True
463,train/27396.jpg,20-29,Male,Black,True
464,train/27399.jpg,60-69,Female,Indian,True
465,train/274.jpg,30-39,Male,Black,True
466,train/27541.jpg,50-59,Male,White,True
467,train/27638.jpg,3-9,Male,East Asian,True
468,train/27657.jpg,3-9,Female,Black,True
469,train/27698.jpg,30-39,Male,Black,True
470,train/2779.jpg,30-39,Male,Middle Eastern,True
471,train/27826.jpg,20-29,Male,White,True
472,train/27908.jpg,60-69,Female,White,True
473,train/27936.jpg,30-39,Male,Black,True
474,train/27951.jpg,20-29,Female,Latino_Hispanic,True
475,train/27969.jpg,20-29,Male,Indian,True
476,train/27992.jpg,20-29,Male,Latino_Hispanic,True
477,train/28038.jpg,40-49,Male,East Asian,True
478,train/2807.jpg,20-29,Female,Middle Eastern,True
479,train/28092.jpg,20-29,Male,White,True
480,train/28098.jpg,20-29,Female,White,True
481,train/28111.jpg,40-49,Male,Southeast Asian,True
482,train/28166.jpg,3-9,Female,Southeast Asian,True
483,train/28182.jpg,20-29,Female,Middle Eastern,True
484,train/28199.jpg,30-39,Male,East Asian,True
485,train/28210.jpg,20-29,Male,Southeast Asian,True
486,train/28237.jpg,20-29,Female,White,True
487,train/28245.jpg,10-19,Female,East Asian,True
488,train/28275.jpg,40-49,Female,Indian,True
489,train/28316.jpg,3-9,Female,Southeast Asian,True
490,train/28321.jpg,20-29,Female,Middle Eastern,True
491,train/28384.jpg,20-29,Female,Latino_Hispanic,True
492,train/28438.jpg,50-59,Female,Indian,True
493,train/28449.jpg,50-59,Male,Southeast Asian,True
494,train/28553.jpg,20-29,Female,Southeast Asian,True
495,train/28576.jpg,30-39,Male,Southeast Asian,True
496,train/28675.jpg,10-19,Female,Black,True
497,train/28697.jpg,20-29,Female,White,True
498,train/28781.jpg,30-39,Female,White,True
499,train/28810.jpg,40-49,Male,Southeast Asian,True
500,train/28813.jpg,3-9,Male,Black,True
501,train/28853.jpg,30-39,Female,East Asian,True
502,train/28861.jpg,40-49,Female,White,True
503,train/28872.jpg,20-29,Male,Latino_Hispanic,True
504,train/28995.jpg,20-29,Male,Southeast Asian,True
505,train/291.jpg,50-59,Male,Latino_Hispanic,True
506,train/29101.jpg,50-59,Female,Middle Eastern,True
507,train/29250.jpg,20-29,Male,Indian,True
508,train/29308.jpg,40-49,Male,Indian,True
509,train/29333.jpg,30-39,Male,Indian,True
510,train/2936.jpg,10-19,Female,East Asian,True
511,train/29370.jpg,30-39,Female,White,True
512,train/29374.jpg,3-9,Male,East Asian,True
513,train/29422.jpg,30-39,Male,Middle Eastern,True
514,train/29427.jpg,20-29,Female,White,True
515,train/29477.jpg,20-29,Female,White,True
516,train/29556.jpg,20-29,Female,White,True
517,train/29560.jpg,20-29,Male,White,True
518,train/2957.jpg,3-9,Female,Latino_Hispanic,True
519,train/29595.jpg,20-29,Female,Southeast Asian,True
520,train/29614.jpg,10-19,Male,Southeast Asian,True
521,train/29667.jpg,20-29,Male,Latino_Hispanic,True
522,train/29796.jpg,10-19,Female,White,True
523,train/29861.jpg,20-29,Female,Southeast Asian,True
524,train/29874.jpg,30-39,Female,White,True
525,train/2990.jpg,30-39,Female,Latino_Hispanic,True
526,train/29921.jpg,30-39,Male,Indian,True
527,train/29965.jpg,40-49,Female,Latino_Hispanic,True
528,train/30236.jpg,40-49,Male,White,True
529,train/30297.jpg,3-9,Female,Black,True
530,train/30390.jpg,30-39,Male,White,True
531,train/30406.jpg,30-39,Male,Middle Eastern,True
532,train/30448.jpg,30-39,Female,East Asian,True
533,train/3045.jpg,60-69,Female,Indian,True
534,train/30455.jpg,10-19,Male,East Asian,True
535,train/30489.jpg,20-29,Female,Southeast Asian,True
536,train/30558.jpg,20-29,Male,Indian,True
537,train/30602.jpg,10-19,Male,White,True
538,train/3073.jpg,30-39,Female,Latino_Hispanic,True
539,train/30733.jpg,30-39,Male,Middle Eastern,True
540,train/3076.jpg,50-59,Male,Latino_Hispanic,True
541,train/30882.jpg,50-59,Male,White,True
542,train/30888.jpg,10-19,Male,Southeast Asian,True
543,train/30935.jpg,60-69,Male,Black,True
544,train/30969.jpg,30-39,Male,Black,True
545,train/30995.jpg,30-39,Male,Black,True
546,train/31038.jpg,20-29,Male,East Asian,True
547,train/3104.jpg,50-59,Male,Southeast Asian,True
548,train/31131.jpg,3-9,Male,Black,True
549,train/31159.jpg,30-39,Male,Latino_Hispanic,True
550,train/31178.jpg,40-49,Male,Middle Eastern,True
551,train/31185.jpg,60-69,Male,Black,True
552,train/31212.jpg,20-29,Male,Southeast Asian,True
553,train/31236.jpg,20-29,Female,Black,True
554,train/31255.jpg,40-49,Male,White,True
555,train/31299.jpg,10-19,Male,Black,True
556,train/3135.jpg,60-69,Male,Middle Eastern,True
557,train/31365.jpg,20-29,Male,East Asian,True
558,train/31367.jpg,10-19,Female,East Asian,True
559,train/31421.jpg,40-49,Male,Southeast Asian,True
560,train/31536.jpg,10-19,Male,Middle Eastern,True
561,train/31543.jpg,3-9,Male,Black,True
562,train/31560.jpg,40-49,Male,East Asian,True
563,train/31572.jpg,40-49,Female,Black,True
564,train/31584.jpg,20-29,Male,White,True
565,train/31608.jpg,10-19,Male,White,True
566,train/31615.jpg,50-59,Male,Black,True
567,train/31632.jpg,30-39,Female,Latino_Hispanic,True
568,train/31653.jpg,50-59,Male,Indian,True
569,train/31719.jpg,30-39,Male,Indian,True
570,train/3175.jpg,40-49,Male,Indian,True
571,train/31770.jpg,3-9,Female,Latino_Hispanic,True
572,train/31777.jpg,20-29,Female,White,True
573,train/31793.jpg,20-29,Female,White,True
574,train/31833.jpg,3-9,Female,White,True
575,train/31839.jpg,50-59,Male,Southeast Asian,True
576,train/31842.jpg,20-29,Male,Middle Eastern,True
577,train/31854.jpg,3-9,Male,East Asian,True
578,train/3187.jpg,20-29,Female,Latino_Hispanic,True
579,train/31879.jpg,60-69,Male,Black,True
580,train/31891.jpg,30-39,Female,Southeast Asian,True
581,train/31918.jpg,20-29,Female,Black,True
582,train/31948.jpg,20-29,Male,East Asian,True
583,train/31949.jpg,20-29,Female,Southeast Asian,True
584,train/32021.jpg,30-39,Male,Middle Eastern,True
585,train/32055.jpg,10-19,Male,Middle Eastern,True
586,train/32073.jpg,10-19,Male,Indian,True
587,train/32077.jpg,30-39,Female,Indian,True
588,train/3209.jpg,30-39,Male,East Asian,True
589,train/32105.jpg,30-39,Female,Black,True
590,train/32135.jpg,20-29,Female,Middle Eastern,True
591,train/32318.jpg,30-39,Male,White,True
592,train/3243.jpg,20-29,Female,Black,True
593,train/32446.jpg,60-69,Male,White,True
594,train/32483.jpg,20-29,Male,White,True
595,train/3254.jpg,3-9,Female,Middle Eastern,True
596,train/32542.jpg,40-49,Female,East Asian,True
597,train/32570.jpg,10-19,Female,White,True
598,train/32675.jpg,20-29,Female,Black,True
599,train/32720.jpg,20-29,Male,Latino_Hispanic,True
600,train/32787.jpg,20-29,Female,Southeast Asian,True
601,train/32794.jpg,20-29,Male,Latino_Hispanic,True
602,train/32852.jpg,20-29,Female,Middle Eastern,True
603,train/32883.jpg,20-29,Male,Middle Eastern,True
604,train/32904.jpg,40-49,Female,White,True
605,train/32936.jpg,20-29,Male,Black,True
606,train/3295.jpg,20-29,Female,White,True
607,train/33026.jpg,10-19,Female,White,True
608,train/33197.jpg,30-39,Male,East Asian,True
609,train/33319.jpg,20-29,Female,East Asian,True
610,train/33372.jpg,20-29,Female,Middle Eastern,True
611,train/33482.jpg,20-29,Male,White,True
612,train/33484.jpg,20-29,Male,White,True
613,train/33602.jpg,20-29,Male,Black,True
614,train/33682.jpg,30-39,Male,White,True
615,train/33689.jpg,20-29,Male,White,True
616,train/33712.jpg,30-39,Female,Southeast Asian,True
617,train/33726.jpg,3-9,Male,White,True
618,train/33730.jpg,10-19,Male,White,True
619,train/33773.jpg,20-29,Female,White,True
620,train/33804.jpg,20-29,Female,Middle Eastern,True
621,train/33836.jpg,20-29,Male,Black,True
622,train/33867.jpg,30-39,Female,Latino_Hispanic,True
623,train/33900.jpg,20-29,Male,Black,True
624,train/33902.jpg,10-19,Male,White,True
625,train/33975.jpg,40-49,Male,Southeast Asian,True
626,train/33978.jpg,20-29,Male,Southeast Asian,True
627,train/34028.jpg,20-29,Male,White,True
628,train/34044.jpg,40-49,Male,Southeast Asian,True
629,train/34067.jpg,20-29,Female,Indian,True
630,train/34075.jpg,10-19,Male,Southeast Asian,True
631,train/34103.jpg,40-49,Female,Middle Eastern,True
632,train/34142.jpg,40-49,Female,Southeast Asian,True
633,train/34158.jpg,30-39,Male,Black,True
634,train/34291.jpg,60-69,Male,White,True
635,train/343.jpg,20-29,Male,Indian,True
636,train/34304.jpg,20-29,Male,Black,True
637,train/34322.jpg,20-29,Female,Latino_Hispanic,True
638,train/34364.jpg,20-29,Male,White,True
639,train/34400.jpg,3-9,Male,White,True
640,train/34461.jpg,20-29,Male,Middle Eastern,True
641,train/34542.jpg,3-9,Female,White,True
642,train/34570.jpg,40-49,Male,East Asian,True
643,train/34645.jpg,20-29,Male,White,True
644,train/34702.jpg,30-39,Female,Middle Eastern,True
645,train/34720.jpg,3-9,Male,White,True
646,train/3481.jpg,20-29,Female,White,True
647,train/34833.jpg,20-29,Female,Southeast Asian,True
648,train/34874.jpg,30-39,Female,East Asian,True
649,train/3489.jpg,20-29,Male,East Asian,True
650,train/35026.jpg,40-49,Female,Southeast Asian,True
651,train/35039.jpg,10-19,Male,White,True
652,train/35044.jpg,20-29,Female,Black,True
653,train/35079.jpg,50-59,Male,Middle Eastern,True
654,train/35118.jpg,20-29,Male,East Asian,True
655,train/35124.jpg,more than 70,Male,Middle Eastern,True
656,train/35274.jpg,50-59,Female,White,True
657,train/35341.jpg,10-19,Female,Latino_Hispanic,True
658,train/35357.jpg,10-19,Female,Southeast Asian,True
659,train/35369.jpg,30-39,Male,White,True
660,train/35383.jpg,30-39,Male,Southeast Asian,True
661,train/35388.jpg,20-29,Male,Black,True
662,train/35398.jpg,20-29,Male,Southeast Asian,True
663,train/35446.jpg,20-29,Male,Southeast Asian,True
664,train/35496.jpg,30-39,Male,Latino_Hispanic,True
665,train/35554.jpg,30-39,Female,Latino_Hispanic,True
666,train/35612.jpg,30-39,Male,East Asian,True
667,train/35636.jpg,20-29,Female,Southeast Asian,True
668,train/35654.jpg,50-59,Female,Indian,True
669,train/35670.jpg,20-29,Female,White,True
670,train/35851.jpg,10-19,Male,East Asian,True
671,train/35891.jpg,10-19,Female,White,True
672,train/35908.jpg,20-29,Male,Middle Eastern,True
673,train/35924.jpg,20-29,Female,White,True
674,train/35963.jpg,20-29,Male,Middle Eastern,True
675,train/3611.jpg,20-29,Female,White,True
676,train/36146.jpg,30-39,Male,White,True
677,train/36153.jpg,10-19,Female,Southeast Asian,True
678,train/36170.jpg,20-29,Female,Middle Eastern,True
679,train/36297.jpg,50-59,Male,Latino_Hispanic,True
680,train/36305.jpg,20-29,Male,Indian,True
681,train/36307.jpg,20-29,Female,Southeast Asian,True
682,train/36331.jpg,20-29,Male,East Asian,True
683,train/36348.jpg,40-49,Female,Black,True
684,train/36449.jpg,30-39,Male,East Asian,True
685,train/36556.jpg,10-19,Male,White,True
686,train/36722.jpg,20-29,Male,Indian,True
687,train/36742.jpg,30-39,Male,Latino_Hispanic,True
688,train/36750.jpg,20-29,Female,Black,True
689,train/36776.jpg,20-29,Male,Black,True
690,train/36807.jpg,30-39,Female,East Asian,True
691,train/36829.jpg,20-29,Female,Middle Eastern,True
692,train/36854.jpg,50-59,Female,Black,True
693,train/36871.jpg,40-49,Male,White,True
694,train/3689.jpg,30-39,Male,Southeast Asian,True
695,train/36959.jpg,40-49,Male,Black,True
696,train/36994.jpg,30-39,Male,East Asian,True
697,train/37045.jpg,10-19,Female,Southeast Asian,True
698,train/37110.jpg,10-19,Female,White,True
699,train/37136.jpg,50-59,Male,Middle Eastern,True
700,train/37139.jpg,0-2,Female,East Asian,True
701,train/37199.jpg,40-49,Male,Middle Eastern,True
702,train/37242.jpg,30-39,Female,White,True
703,train/37293.jpg,3-9,Female,Latino_Hispanic,True
704,train/3731.jpg,3-9,Male,East Asian,True
705,train/37359.jpg,20-29,Female,Middle Eastern,True
706,train/37364.jpg,20-29,Female,Black,True
707,train/37373.jpg,10-19,Female,Middle Eastern,True
708,train/37378.jpg,60-69,Male,Southeast Asian,True
709,train/37391.jpg,30-39,Female,Indian,True
710,train/37404.jpg,20-29,Female,White,True
711,train/37439.jpg,10-19,Female,East Asian,True
712,train/37444.jpg,30-39,Female,Middle Eastern,True
713,train/37484.jpg,40-49,Male,Latino_Hispanic,True
714,train/37529.jpg,60-69,Male,White,True
715,train/37599.jpg,40-49,Female,East Asian,True
716,train/37649.jpg,40-49,Male,Southeast Asian,True
717,train/37687.jpg,10-19,Female,Black,True
718,train/37697.jpg,more than 70,Male,White,True
719,train/37738.jpg,20-29,Male,Black,True
720,train/37831.jpg,10-19,Male,East Asian,True
721,train/37866.jpg,20-29,Female,East Asian,True
722,train/37880.jpg,30-39,Male,Black,True
723,train/3790.jpg,40-49,Female,East Asian,True
724,train/37900.jpg,30-39,Male,White,True
725,train/37902.jpg,30-39,Male,Middle Eastern,True
726,train/37924.jpg,20-29,Male,East Asian,True
727,train/37944.jpg,30-39,Male,Black,True
728,train/3802.jpg,10-19,Female,White,True
729,train/38075.jpg,20-29,Female,Indian,True
730,train/38097.jpg,20-29,Female,Latino_Hispanic,True
731,train/381.jpg,30-39,Female,Middle Eastern,True
732,train/38145.jpg,20-29,Male,White,True
733,train/38181.jpg,20-29,Female,Latino_Hispanic,True
734,train/38286.jpg,50-59,Male,Indian,True
735,train/38318.jpg,60-69,Female,Black,True
736,train/38360.jpg,30-39,Female,East Asian,True
737,train/38435.jpg,20-29,Female,Indian,True
738,train/38546.jpg,20-29,Male,Latino_Hispanic,True
739,train/38549.jpg,20-29,Female,Southeast Asian,True
740,train/38557.jpg,3-9,Male,Latino_Hispanic,True
741,train/3857.jpg,40-49,Male,Southeast Asian,True
742,train/38585.jpg,30-39,Male,Black,True
743,train/38623.jpg,20-29,Female,Latino_Hispanic,True
744,train/38630.jpg,20-29,Male,Middle Eastern,True
745,train/38638.jpg,3-9,Female,Black,True
746,train/38815.jpg,30-39,Female,Black,True
747,train/38875.jpg,30-39,Female,East Asian,True
748,train/38894.jpg,20-29,Male,East Asian,True
749,train/38903.jpg,50-59,Female,Middle Eastern,True
750,train/38906.jpg,3-9,Male,Southeast Asian,True
751,train/3891.jpg,30-39,Male,Southeast Asian,True
752,train/38936.jpg,30-39,Female,White,True
753,train/38954.jpg,40-49,Female,Indian,True
754,train/38974.jpg,40-49,Female,Middle Eastern,True
755,train/38976.jpg,30-39,Male,Southeast Asian,True
756,train/38988.jpg,20-29,Female,Indian,True
757,train/38998.jpg,20-29,Female,Middle Eastern,True
758,train/39001.jpg,40-49,Female,Middle Eastern,True
759,train/39006.jpg,30-39,Male,Southeast Asian,True
760,train/39039.jpg,40-49,Male,Black,True
761,train/39103.jpg,30-39,Female,Southeast Asian,True
762,train/39135.jpg,30-39,Female,Black,True
763,train/39223.jpg,50-59,Female,Black,True
764,train/39226.jpg,40-49,Male,Middle Eastern,True
765,train/39248.jpg,20-29,Male,White,True
766,train/39266.jpg,30-39,Male,White,True
767,train/39267.jpg,30-39,Male,East Asian,True
768,train/39289.jpg,30-39,Male,East Asian,True
769,train/39309.jpg,30-39,Female,Latino_Hispanic,True
770,train/39323.jpg,20-29,Female,Indian,True
771,train/3934.jpg,20-29,Male,White,True
772,train/39355.jpg,30-39,Male,White,True
773,train/39368.jpg,40-49,Male,Black,True
774,train/39373.jpg,20-29,Male,Black,True
775,train/39382.jpg,30-39,Female,Indian,True
776,train/39389.jpg,20-29,Female,Middle Eastern,True
777,train/39461.jpg,3-9,Male,Indian,True
778,train/39480.jpg,40-49,Female,White,True
779,train/39531.jpg,more than 70,Male,Middle Eastern,True
780,train/39557.jpg,20-29,Male,Middle Eastern,True
781,train/39576.jpg,20-29,Male,Middle Eastern,True
782,train/39578.jpg,more than 70,Male,Middle Eastern,True
783,train/39629.jpg,10-19,Female,Indian,True
784,train/39643.jpg,3-9,Male,Southeast Asian,True
785,train/39714.jpg,20-29,Female,White,True
786,train/39715.jpg,40-49,Male,Southeast Asian,True
787,train/39817.jpg,30-39,Male,Latino_Hispanic,True
788,train/39842.jpg,20-29,Male,Latino_Hispanic,True
789,train/39861.jpg,30-39,Male,East Asian,True
790,train/39895.jpg,3-9,Female,Middle Eastern,True
791,train/3994.jpg,50-59,Female,Indian,True
792,train/39999.jpg,40-49,Female,Latino_Hispanic,True
793,train/40064.jpg,30-39,Male,Middle Eastern,True
794,train/40065.jpg,20-29,Female,Black,True
795,train/40078.jpg,10-19,Female,East Asian,True
796,train/40139.jpg,20-29,Male,East Asian,True
797,train/40211.jpg,20-29,Female,Latino_Hispanic,True
798,train/40213.jpg,20-29,Male,Latino_Hispanic,True
799,train/40251.jpg,more than 70,Male,Southeast Asian,True
800,train/4028.jpg,3-9,Male,Black,True
801,train/40325.jpg,50-59,Female,Southeast Asian,True
802,train/40407.jpg,30-39,Male,Black,True
803,train/40416.jpg,10-19,Female,Middle Eastern,True
804,train/4042.jpg,40-49,Female,Southeast Asian,True
805,train/40454.jpg,20-29,Female,East Asian,True
806,train/40490.jpg,20-29,Female,White,True
807,train/40546.jpg,30-39,Female,Southeast Asian,True
808,train/4059.jpg,20-29,Female,Southeast Asian,True
809,train/40595.jpg,20-29,Female,Middle Eastern,True
810,train/40608.jpg,20-29,Female,East Asian,True
811,train/40675.jpg,30-39,Female,Latino_Hispanic,True
812,train/40678.jpg,50-59,Male,East Asian,True
813,train/40680.jpg,20-29,Male,Indian,True
814,train/40685.jpg,20-29,Male,Black,True
815,train/40702.jpg,50-59,Male,East Asian,True
816,train/40798.jpg,50-59,Female,White,True
817,train/40828.jpg,60-69,Female,Southeast Asian,True
818,train/40936.jpg,30-39,Male,Southeast Asian,True
819,train/40941.jpg,40-49,Male,Middle Eastern,True
820,train/41006.jpg,20-29,Female,Southeast Asian,True
821,train/41033.jpg,30-39,Male,Latino_Hispanic,True
822,train/41036.jpg,20-29,Male,Southeast Asian,True
823,train/41064.jpg,3-9,Female,Latino_Hispanic,True
824,train/41171.jpg,20-29,Male,Black,True
825,train/41181.jpg,20-29,Male,Middle Eastern,True
826,train/41192.jpg,20-29,Male,Latino_Hispanic,True
827,train/41196.jpg,10-19,Male,Middle Eastern,True
828,train/41197.jpg,40-49,Male,White,True
829,train/41203.jpg,20-29,Female,Middle Eastern,True
830,train/41214.jpg,10-19,Male,Southeast Asian,True
831,train/4127.jpg,20-29,Male,White,True
832,train/41310.jpg,20-29,Male,Black,True
833,train/41338.jpg,30-39,Female,Middle Eastern,True
834,train/41355.jpg,30-39,Female,Black,True
835,train/41411.jpg,50-59,Male,White,True
836,train/41546.jpg,40-49,Male,East Asian,True
837,train/41637.jpg,20-29,Male,Latino_Hispanic,True
838,train/41648.jpg,20-29,Male,East Asian,True
839,train/41732.jpg,20-29,Female,Latino_Hispanic,True
840,train/41752.jpg,30-39,Male,White,True
841,train/4176.jpg,40-49,Male,East Asian,True
842,train/41772.jpg,20-29,Female,Black,True
843,train/41827.jpg,30-39,Male,Indian,True
844,train/41867.jpg,10-19,Male,Indian,True
845,train/41883.jpg,60-69,Female,Southeast Asian,True
846,train/41995.jpg,20-29,Male,Latino_Hispanic,True
847,train/42003.jpg,40-49,Male,White,True
848,train/42025.jpg,50-59,Male,White,True
849,train/42070.jpg,60-69,Male,Latino_Hispanic,True
850,train/42095.jpg,10-19,Male,Black,True
851,train/42108.jpg,3-9,Female,Indian,True
852,train/42211.jpg,20-29,Male,Black,True
853,train/42250.jpg,40-49,Female,White,True
854,train/42313.jpg,20-29,Male,Black,True
855,train/42317.jpg,20-29,Male,White,True
856,train/42399.jpg,20-29,Female,White,True
857,train/4240.jpg,20-29,Female,Black,True
858,train/42445.jpg,3-9,Male,White,True
859,train/42452.jpg,20-29,Male,Southeast Asian,True
860,train/42454.jpg,20-29,Male,Southeast Asian,True
861,train/42491.jpg,40-49,Male,Black,True
862,train/4252.jpg,10-19,Female,Middle Eastern,True
863,train/42616.jpg,20-29,Male,White,True
864,train/42647.jpg,3-9,Female,Indian,True
865,train/42725.jpg,20-29,Male,White,True
866,train/42746.jpg,20-29,Female,Middle Eastern,True
867,train/42760.jpg,50-59,Male,White,True
868,train/42763.jpg,10-19,Male,Indian,True
869,train/42818.jpg,30-39,Male,White,True
870,train/42873.jpg,20-29,Female,Middle Eastern,True
871,train/42962.jpg,40-49,Male,White,True
872,train/42990.jpg,20-29,Male,White,True
873,train/43038.jpg,20-29,Male,White,True
874,train/43049.jpg,3-9,Female,Latino_Hispanic,True
875,train/43072.jpg,20-29,Male,Middle Eastern,True
876,train/43095.jpg,20-29,Male,White,True
877,train/4311.jpg,20-29,Male,White,True
878,train/43207.jpg,20-29,Male,White,True
879,train/43240.jpg,3-9,Male,White,True
880,train/43243.jpg,40-49,Female,Latino_Hispanic,True
881,train/43275.jpg,30-39,Female,White,True
882,train/43349.jpg,3-9,Male,White,True
883,train/43359.jpg,40-49,Male,White,True
884,train/43362.jpg,20-29,Female,Black,True
885,train/43364.jpg,20-29,Female,Black,True
886,train/43382.jpg,50-59,Female,Indian,True
887,train/43556.jpg,20-29,Female,White,True
888,train/43574.jpg,40-49,Female,Middle Eastern,True
889,train/43586.jpg,50-59,Female,Indian,True
890,train/4361.jpg,3-9,Male,East Asian,True
891,train/43623.jpg,20-29,Male,East Asian,True
892,train/43645.jpg,20-29,Male,Black,True
893,train/43652.jpg,20-29,Female,East Asian,True
894,train/43675.jpg,40-49,Male,Southeast Asian,True
895,train/43711.jpg,20-29,Female,Latino_Hispanic,True
896,train/43729.jpg,3-9,Male,Latino_Hispanic,True
897,train/43747.jpg,40-49,Female,Middle Eastern,True
898,train/43814.jpg,40-49,Male,Middle Eastern,True
899,train/43815.jpg,20-29,Female,Black,True
900,train/43816.jpg,40-49,Male,Latino_Hispanic,True
901,train/4382.jpg,20-29,Male,Middle Eastern,True
902,train/43935.jpg,20-29,Male,East Asian,True
903,train/43968.jpg,20-29,Female,Middle Eastern,True
904,train/44044.jpg,20-29,Male,Black,True
905,train/44084.jpg,20-29,Male,Indian,True
906,train/44089.jpg,40-49,Male,Southeast Asian,True
907,train/44099.jpg,30-39,Male,White,True
908,train/44119.jpg,60-69,Female,East Asian,True
909,train/44138.jpg,30-39,Female,Middle Eastern,True
910,train/44146.jpg,50-59,Female,Middle Eastern,True
911,train/44290.jpg,20-29,Female,Middle Eastern,True
912,train/44294.jpg,20-29,Male,Latino_Hispanic,True
913,train/44309.jpg,3-9,Male,Black,True
914,train/44415.jpg,30-39,Female,Southeast Asian,True
915,train/44437.jpg,60-69,Male,Southeast Asian,True
916,train/44463.jpg,20-29,Female,Middle Eastern,True
917,train/44570.jpg,more than 70,Female,White,True
918,train/44657.jpg,20-29,Male,White,True
919,train/44707.jpg,50-59,Female,Latino_Hispanic,True
920,train/44738.jpg,30-39,Male,White,True
921,train/44742.jpg,20-29,Female,Middle Eastern,True
922,train/44749.jpg,30-39,Female,Indian,True
923,train/44780.jpg,3-9,Male,East Asian,True
924,train/44796.jpg,20-29,Female,White,True
925,train/44866.jpg,30-39,Female,Middle Eastern,True
926,train/4497.jpg,30-39,Male,Middle Eastern,True
927,train/45013.jpg,20-29,Female,Latino_Hispanic,True
928,train/45052.jpg,20-29,Male,Black,True
929,train/45076.jpg,3-9,Female,White,True
930,train/45084.jpg,30-39,Male,White,True
931,train/45138.jpg,30-39,Female,White,True
932,train/45229.jpg,20-29,Female,East Asian,True
933,train/45233.jpg,20-29,Female,Southeast Asian,True
934,train/45282.jpg,20-29,Female,Black,True
935,train/45300.jpg,40-49,Male,Latino_Hispanic,True
936,train/45325.jpg,40-49,Female,East Asian,True
937,train/45327.jpg,20-29,Male,Southeast Asian,True
938,train/45377.jpg,50-59,Female,White,True
939,train/45387.jpg,30-39,Female,Indian,True
940,train/45489.jpg,30-39,Male,White,True
941,train/4550.jpg,10-19,Male,Latino_Hispanic,True
942,train/45534.jpg,10-19,Male,East Asian,True
943,train/45564.jpg,30-39,Female,Middle Eastern,True
944,train/45574.jpg,50-59,Male,Black,True
945,train/45585.jpg,20-29,Male,Black,True
946,train/45608.jpg,30-39,Male,Indian,True
947,train/45699.jpg,30-39,Male,Southeast Asian,True
948,train/45761.jpg,30-39,Female,Southeast Asian,True
949,train/45783.jpg,10-19,Male,Indian,True
950,train/4579.jpg,20-29,Male,Middle Eastern,True
951,train/45793.jpg,20-29,Female,White,True
952,train/4582.jpg,3-9,Male,Black,True
953,train/45891.jpg,30-39,Male,White,True
954,train/45896.jpg,30-39,Female,Middle Eastern,True
955,train/45902.jpg,30-39,Male,Latino_Hispanic,True
956,train/45938.jpg,40-49,Female,Black,True
957,train/46024.jpg,10-19,Male,Middle Eastern,True
958,train/4608.jpg,10-19,Female,Latino_Hispanic,True
959,train/46114.jpg,20-29,Female,Middle Eastern,True
960,train/46160.jpg,10-19,Male,White,True
961,train/46167.jpg,20-29,Male,Black,True
962,train/46316.jpg,30-39,Male,Latino_Hispanic,True
963,train/46321.jpg,50-59,Male,Black,True
964,train/46355.jpg,20-29,Female,Middle Eastern,True
965,train/46429.jpg,20-29,Male,East Asian,True
966,train/46476.jpg,40-49,Female,Black,True
967,train/46503.jpg,20-29,Male,Southeast Asian,True
968,train/46515.jpg,10-19,Male,Latino_Hispanic,True
969,train/46599.jpg,20-29,Female,White,True
970,train/46601.jpg,30-39,Male,East Asian,True
971,train/46606.jpg,30-39,Female,White,True
972,train/46650.jpg,10-19,Male,Middle Eastern,True
973,train/46666.jpg,20-29,Male,Indian,True
974,train/46689.jpg,60-69,Male,White,True
975,train/46710.jpg,20-29,Male,East Asian,True
976,train/46724.jpg,20-29,Male,Black,True
977,train/46760.jpg,10-19,Female,East Asian,True
978,train/46781.jpg,50-59,Female,White,True
979,train/46815.jpg,20-29,Female,Middle Eastern,True
980,train/46844.jpg,10-19,Male,Black,True
981,train/46871.jpg,20-29,Male,Indian,True
982,train/46944.jpg,30-39,Male,East Asian,True
983,train/46965.jpg,20-29,Female,East Asian,True
984,train/46977.jpg,40-49,Female,Latino_Hispanic,True
985,train/47015.jpg,3-9,Male,Black,True
986,train/47033.jpg,3-9,Female,East Asian,True
987,train/47127.jpg,20-29,Female,Black,True
988,train/4713.jpg,30-39,Male,Middle Eastern,True
989,train/47188.jpg,10-19,Male,White,True
990,train/47221.jpg,20-29,Male,Indian,True
991,train/47225.jpg,20-29,Male,Southeast Asian,True
992,train/47254.jpg,10-19,Male,East Asian,True
993,train/47255.jpg,40-49,Male,Black,True
994,train/47299.jpg,30-39,Male,Latino_Hispanic,True
995,train/47353.jpg,30-39,Female,Middle Eastern,True
996,train/47520.jpg,3-9,Female,White,True
997,train/47586.jpg,3-9,Male,Southeast Asian,True
998,train/47604.jpg,30-39,Female,White,True
999,train/47624.jpg,30-39,Male,Black,True
1000,train/47698.jpg,50-59,Male,Latino_Hispanic,True
1001,train/4770.jpg,10-19,Male,East Asian,True
1002,train/47711.jpg,40-49,Female,Black,True
1003,train/47743.jpg,3-9,Female,Latino_Hispanic,True
1004,train/47806.jpg,30-39,Male,Latino_Hispanic,True
1005,train/47813.jpg,20-29,Male,Black,True
1006,train/47814.jpg,20-29,Male,Middle Eastern,True
1007,train/47835.jpg,10-19,Male,Southeast Asian,True
1008,train/47929.jpg,10-19,Female,White,True
1009,train/4794.jpg,30-39,Male,Black,True
1010,train/47962.jpg,20-29,Female,White,True
1011,train/48015.jpg,20-29,Male,East Asian,True
1012,train/48083.jpg,30-39,Female,White,True
1013,train/48193.jpg,40-49,Male,Indian,True
1014,train/48216.jpg,40-49,Male,White,True
1015,train/48257.jpg,40-49,Male,Indian,True
1016,train/48261.jpg,20-29,Female,Middle Eastern,True
1017,train/48306.jpg,3-9,Male,East Asian,True
1018,train/4840.jpg,50-59,Male,Indian,True
1019,train/4841.jpg,30-39,Female,Black,True
1020,train/4844.jpg,more than 70,Female,Latino_Hispanic,True
1021,train/48514.jpg,30-39,Female,Middle Eastern,True
1022,train/48525.jpg,more than 70,Female,White,True
1023,train/4857.jpg,10-19,Male,Black,True
1024,train/48577.jpg,20-29,Female,White,True
1025,train/48595.jpg,50-59,Female,Southeast Asian,True
1026,train/48647.jpg,30-39,Male,Black,True
1027,train/48669.jpg,20-29,Female,Middle Eastern,True
1028,train/48708.jpg,20-29,Female,Latino_Hispanic,True
1029,train/48771.jpg,20-29,Male,Southeast Asian,True
1030,train/4883.jpg,more than 70,Female,East Asian,True
1031,train/48874.jpg,20-29,Male,Latino_Hispanic,True
1032,train/48894.jpg,20-29,Female,White,True
1033,train/48895.jpg,3-9,Female,White,True
1034,train/49014.jpg,40-49,Male,Latino_Hispanic,True
1035,train/49046.jpg,40-49,Female,White,True
1036,train/49085.jpg,50-59,Male,Latino_Hispanic,True
1037,train/49107.jpg,20-29,Male,East Asian,True
1038,train/4914.jpg,20-29,Male,East Asian,True
1039,train/49327.jpg,20-29,Female,Middle Eastern,True
1040,train/49389.jpg,10-19,Male,Latino_Hispanic,True
1041,train/49502.jpg,20-29,Male,Latino_Hispanic,True
1042,train/49512.jpg,20-29,Male,Indian,True
1043,train/49531.jpg,20-29,Male,East Asian,True
1044,train/49552.jpg,20-29,Male,Southeast Asian,True
1045,train/49585.jpg,20-29,Male,Middle Eastern,True
1046,train/4960.jpg,20-29,Female,Latino_Hispanic,True
1047,train/49620.jpg,20-29,Female,Black,True
1048,train/49645.jpg,20-29,Female,Southeast Asian,True
1049,train/49662.jpg,20-29,Female,Black,True
1050,train/49673.jpg,30-39,Male,White,True
1051,train/49908.jpg,30-39,Male,Middle Eastern,True
1052,train/4992.jpg,30-39,Female,White,True
1053,train/49939.jpg,60-69,Male,Black,True
1054,train/49945.jpg,30-39,Female,White,True
1055,train/49999.jpg,30-39,Male,Latino_Hispanic,True
1056,train/50004.jpg,20-29,Male,Black,True
1057,train/50041.jpg,20-29,Male,Southeast Asian,True
1058,train/50042.jpg,50-59,Male,Latino_Hispanic,True
1059,train/50091.jpg,20-29,Male,East Asian,True
1060,train/50096.jpg,20-29,Male,Black,True
1061,train/50120.jpg,20-29,Female,Black,True
1062,train/50161.jpg,10-19,Female,White,True
1063,train/50173.jpg,20-29,Male,Black,True
1064,train/50254.jpg,40-49,Male,Middle Eastern,True
1065,train/50267.jpg,10-19,Male,Southeast Asian,True
1066,train/50327.jpg,10-19,Female,Latino_Hispanic,True
1067,train/50371.jpg,3-9,Female,Southeast Asian,True
1068,train/50382.jpg,20-29,Male,Latino_Hispanic,True
1069,train/50418.jpg,40-49,Female,Black,True
1070,train/50467.jpg,30-39,Female,Middle Eastern,True
1071,train/50507.jpg,20-29,Female,East Asian,True
1072,train/50567.jpg,3-9,Female,East Asian,True
1073,train/5057.jpg,20-29,Female,Southeast Asian,True
1074,train/5062.jpg,40-49,Male,East Asian,True
1075,train/50713.jpg,30-39,Female,Middle Eastern,True
1076,train/50728.jpg,30-39,Female,Black,True
1077,train/50745.jpg,20-29,Male,White,True
1078,train/50838.jpg,30-39,Male,Indian,True
1079,train/50845.jpg,30-39,Female,Indian,True
1080,train/50855.jpg,3-9,Male,Middle Eastern,True
1081,train/5088.jpg,30-39,Male,Southeast Asian,True
1082,train/50906.jpg,3-9,Female,Southeast Asian,True
1083,train/51011.jpg,30-39,Female,Latino_Hispanic,True
1084,train/51047.jpg,20-29,Male,Black,True
1085,train/51057.jpg,30-39,Male,East Asian,True
1086,train/51073.jpg,30-39,Male,Southeast Asian,True
1087,train/51124.jpg,20-29,Female,Indian,True
1088,train/51138.jpg,20-29,Female,East Asian,True
1089,train/51212.jpg,30-39,Female,Southeast Asian,True
1090,train/51219.jpg,40-49,Female,Southeast Asian,True
1091,train/51250.jpg,50-59,Male,Latino_Hispanic,True
1092,train/51313.jpg,20-29,Female,White,True
1093,train/51329.jpg,30-39,Male,Middle Eastern,True
1094,train/51341.jpg,40-49,Female,White,True
1095,train/51393.jpg,30-39,Female,White,True
1096,train/51400.jpg,20-29,Male,Latino_Hispanic,True
1097,train/51411.jpg,30-39,Female,Latino_Hispanic,True
1098,train/51421.jpg,30-39,Male,Black,True
1099,train/51427.jpg,30-39,Male,White,True
1100,train/5143.jpg,30-39,Male,White,True
1101,train/51437.jpg,20-29,Female,Southeast Asian,True
1102,train/51459.jpg,20-29,Female,Middle Eastern,True
1103,train/51508.jpg,20-29,Male,White,True
1104,train/51584.jpg,60-69,Female,Middle Eastern,True
1105,train/51626.jpg,3-9,Male,Latino_Hispanic,True
1106,train/51667.jpg,20-29,Male,Latino_Hispanic,True
1107,train/51673.jpg,10-19,Female,Indian,True
1108,train/51707.jpg,3-9,Female,White,True
1109,train/51754.jpg,40-49,Female,Middle Eastern,True
1110,train/51755.jpg,40-49,Male,Black,True
1111,train/51777.jpg,3-9,Male,White,True
1112,train/51782.jpg,20-29,Male,East Asian,True
1113,train/51934.jpg,30-39,Male,White,True
1114,train/51975.jpg,30-39,Female,East Asian,True
1115,train/51995.jpg,20-29,Male,White,True
1116,train/52001.jpg,20-29,Male,White,True
1117,train/52028.jpg,20-29,Female,White,True
1118,train/52091.jpg,20-29,Female,Latino_Hispanic,True
1119,train/52098.jpg,20-29,Male,Southeast Asian,True
1120,train/52125.jpg,40-49,Female,Latino_Hispanic,True
1121,train/52139.jpg,30-39,Male,East Asian,True
1122,train/52148.jpg,10-19,Male,East Asian,True
1123,train/52165.jpg,30-39,Male,Southeast Asian,True
1124,train/5219.jpg,30-39,Male,Indian,True
1125,train/52200.jpg,20-29,Male,Middle Eastern,True
1126,train/52201.jpg,30-39,Female,East Asian,True
1127,train/52294.jpg,20-29,Male,White,True
1128,train/52299.jpg,20-29,Female,White,True
1129,train/52327.jpg,20-29,Male,East Asian,True
1130,train/52347.jpg,30-39,Female,Latino_Hispanic,True
1131,train/52356.jpg,more than 70,Female,Indian,True
1132,train/52360.jpg,20-29,Male,Black,True
1133,train/525.jpg,40-49,Male,Black,True
1134,train/52516.jpg,30-39,Male,East Asian,True
1135,train/52521.jpg,more than 70,Female,Black,True
1136,train/52773.jpg,10-19,Female,White,True
1137,train/52839.jpg,10-19,Male,Latino_Hispanic,True
1138,train/52845.jpg,10-19,Male,Latino_Hispanic,True
1139,train/52908.jpg,20-29,Male,Latino_Hispanic,True
1140,train/52910.jpg,20-29,Female,White,True
1141,train/5293.jpg,40-49,Female,Southeast Asian,True
1142,train/5296.jpg,20-29,Male,Indian,True
1143,train/52967.jpg,60-69,Female,Southeast Asian,True
1144,train/52999.jpg,40-49,Male,Latino_Hispanic,True
1145,train/53071.jpg,30-39,Female,Latino_Hispanic,True
1146,train/53165.jpg,3-9,Male,White,True
1147,train/53245.jpg,30-39,Female,East Asian,True
1148,train/53247.jpg,10-19,Male,White,True
1149,train/53363.jpg,30-39,Female,Latino_Hispanic,True
1150,train/53372.jpg,10-19,Male,Middle Eastern,True
1151,train/5338.jpg,20-29,Female,Middle Eastern,True
1152,train/53394.jpg,20-29,Female,Indian,True
1153,train/5346.jpg,40-49,Female,Black,True
1154,train/53461.jpg,40-49,Male,White,True
1155,train/53577.jpg,30-39,Male,Black,True
1156,train/53581.jpg,60-69,Female,East Asian,True
1157,train/53616.jpg,30-39,Female,Indian,True
1158,train/53628.jpg,10-19,Male,Black,True
1159,train/53632.jpg,20-29,Male,Black,True
1160,train/53645.jpg,30-39,Female,Black,True
1161,train/53665.jpg,10-19,Male,Black,True
1162,train/53677.jpg,30-39,Male,Black,True
1163,train/537.jpg,40-49,Male,Middle Eastern,True
1164,train/53786.jpg,20-29,Female,Indian,True
1165,train/53788.jpg,10-19,Female,Middle Eastern,True
1166,train/53807.jpg,20-29,Female,White,True
1167,train/53866.jpg,0-2,Female,Southeast Asian,True
1168,train/53985.jpg,20-29,Female,White,True
1169,train/54086.jpg,50-59,Male,Black,True
1170,train/54108.jpg,20-29,Male,White,True
1171,train/54120.jpg,30-39,Male,Black,True
1172,train/54131.jpg,40-49,Male,Middle Eastern,True
1173,train/54191.jpg,20-29,Female,Black,True
1174,train/54219.jpg,20-29,Female,East Asian,True
1175,train/5427.jpg,10-19,Male,East Asian,True
1176,train/54345.jpg,40-49,Male,White,True
1177,train/54352.jpg,20-29,Male,Southeast Asian,True
1178,train/54382.jpg,40-49,Male,Black,True
1179,train/54412.jpg,40-49,Male,Indian,True
1180,train/5443.jpg,10-19,Male,Southeast Asian,True
1181,train/54447.jpg,20-29,Female,White,True
1182,train/54467.jpg,10-19,Male,Middle Eastern,True
1183,train/54485.jpg,30-39,Male,Black,True
1184,train/54530.jpg,60-69,Male,White,True
1185,train/546.jpg,40-49,Male,Indian,True
1186,train/54682.jpg,10-19,Male,East Asian,True
1187,train/54691.jpg,20-29,Female,Middle Eastern,True
1188,train/54706.jpg,20-29,Female,White,True
1189,train/54780.jpg,20-29,Male,Middle Eastern,True
1190,train/54790.jpg,20-29,Male,Indian,True
1191,train/54795.jpg,40-49,Female,East Asian,True
1192,train/54803.jpg,20-29,Female,Black,True
1193,train/54814.jpg,20-29,Female,Black,True
1194,train/54824.jpg,3-9,Female,Latino_Hispanic,True
1195,train/54826.jpg,20-29,Male,Middle Eastern,True
1196,train/54871.jpg,20-29,Female,East Asian,True
1197,train/54877.jpg,20-29,Female,East Asian,True
1198,train/54926.jpg,20-29,Male,East Asian,True
1199,train/54959.jpg,30-39,Female,Black,True
1200,train/54967.jpg,20-29,Male,Southeast Asian,True
1201,train/54988.jpg,20-29,Female,Middle Eastern,True
1202,train/55006.jpg,10-19,Female,Black,True
1203,train/55051.jpg,10-19,Male,Latino_Hispanic,True
1204,train/55104.jpg,3-9,Female,Latino_Hispanic,True
1205,train/55160.jpg,more than 70,Female,White,True
1206,train/55167.jpg,20-29,Male,Indian,True
1207,train/55190.jpg,20-29,Male,Black,True
1208,train/55224.jpg,3-9,Male,East Asian,True
1209,train/55310.jpg,30-39,Female,Southeast Asian,True
1210,train/55311.jpg,20-29,Male,East Asian,True
1211,train/55318.jpg,30-39,Male,Black,True
1212,train/55456.jpg,20-29,Male,White,True
1213,train/55469.jpg,3-9,Female,Latino_Hispanic,True
1214,train/55470.jpg,50-59,Male,East Asian,True
1215,train/55476.jpg,3-9,Male,East Asian,True
1216,train/55501.jpg,10-19,Male,Latino_Hispanic,True
1217,train/5551.jpg,20-29,Female,Southeast Asian,True
1218,train/55602.jpg,10-19,Male,Southeast Asian,True
1219,train/55606.jpg,20-29,Male,Black,True
1220,train/55614.jpg,20-29,Female,Middle Eastern,True
1221,train/55617.jpg,30-39,Female,Indian,True
1222,train/55619.jpg,30-39,Male,White,True
1223,train/55690.jpg,40-49,Female,White,True
1224,train/55741.jpg,30-39,Female,Latino_Hispanic,True
1225,train/55815.jpg,20-29,Male,White,True
1226,train/55824.jpg,20-29,Male,East Asian,True
1227,train/55897.jpg,20-29,Male,Middle Eastern,True
1228,train/55898.jpg,20-29,Male,Black,True
1229,train/55911.jpg,20-29,Male,White,True
1230,train/55956.jpg,40-49,Male,Southeast Asian,True
1231,train/55965.jpg,20-29,Female,Black,True
1232,train/55994.jpg,20-29,Male,White,True
1233,train/56001.jpg,10-19,Male,White,True
1234,train/56053.jpg,10-19,Male,Southeast Asian,True
1235,train/56112.jpg,20-29,Female,Middle Eastern,True
1236,train/56137.jpg,20-29,Female,Southeast Asian,True
1237,train/56185.jpg,30-39,Female,White,True
1238,train/5620.jpg,40-49,Male,East Asian,True
1239,train/56344.jpg,40-49,Male,East Asian,True
1240,train/56417.jpg,30-39,Female,White,True
1241,train/5642.jpg,3-9,Male,White,True
1242,train/56453.jpg,20-29,Female,Black,True
1243,train/56486.jpg,20-29,Female,Black,True
1244,train/56512.jpg,20-29,Male,Middle Eastern,True
1245,train/56541.jpg,20-29,Male,Black,True
1246,train/56641.jpg,20-29,Female,Southeast Asian,True
1247,train/56666.jpg,20-29,Male,Southeast Asian,True
1248,train/5670.jpg,20-29,Female,Latino_Hispanic,True
1249,train/56707.jpg,20-29,Female,Latino_Hispanic,True
1250,train/56733.jpg,30-39,Female,Southeast Asian,True
1251,train/56742.jpg,3-9,Female,Latino_Hispanic,True
1252,train/56765.jpg,0-2,Male,Middle Eastern,True
1253,train/56783.jpg,20-29,Male,White,True
1254,train/56791.jpg,20-29,Male,East Asian,True
1255,train/56806.jpg,30-39,Male,East Asian,True
1256,train/56845.jpg,20-29,Female,Black,True
1257,train/5685.jpg,30-39,Female,Middle Eastern,True
1258,train/56887.jpg,20-29,Male,Latino_Hispanic,True
1259,train/56890.jpg,50-59,Male,White,True
1260,train/56906.jpg,40-49,Male,Southeast Asian,True
1261,train/56925.jpg,30-39,Male,Black,True
1262,train/56995.jpg,10-19,Male,East Asian,True
1263,train/57032.jpg,40-49,Male,East Asian,True
1264,train/57037.jpg,60-69,Female,East Asian,True
1265,train/57076.jpg,40-49,Male,Indian,True
1266,train/57079.jpg,20-29,Male,White,True
1267,train/57166.jpg,20-29,Male,Latino_Hispanic,True
1268,train/57173.jpg,20-29,Female,Middle Eastern,True
1269,train/57217.jpg,60-69,Male,White,True
1270,train/57230.jpg,30-39,Female,East Asian,True
1271,train/57462.jpg,30-39,Male,Black,True
1272,train/57476.jpg,30-39,Female,White,True
1273,train/57494.jpg,40-49,Male,East Asian,True
1274,train/57571.jpg,20-29,Male,White,True
1275,train/57635.jpg,40-49,Female,Black,True
1276,train/57801.jpg,30-39,Male,Middle Eastern,True
1277,train/57821.jpg,3-9,Female,White,True
1278,train/57828.jpg,20-29,Male,White,True
1279,train/57841.jpg,60-69,Female,Latino_Hispanic,True
1280,train/57923.jpg,60-69,Female,Latino_Hispanic,True
1281,train/57944.jpg,more than 70,Male,Indian,True
1282,train/57950.jpg,20-29,Female,Middle Eastern,True
1283,train/57977.jpg,40-49,Female,Black,True
1284,train/57994.jpg,20-29,Female,East Asian,True
1285,train/58119.jpg,30-39,Male,East Asian,True
1286,train/58301.jpg,more than 70,Male,Middle Eastern,True
1287,train/58490.jpg,30-39,Female,White,True
1288,train/58558.jpg,20-29,Female,Southeast Asian,True
1289,train/58583.jpg,40-49,Female,White,True
1290,train/58701.jpg,20-29,Male,Latino_Hispanic,True
1291,train/58716.jpg,50-59,Male,Middle Eastern,True
1292,train/58726.jpg,20-29,Male,Middle Eastern,True
1293,train/58747.jpg,40-49,Male,Indian,True
1294,train/58859.jpg,20-29,Male,Middle Eastern,True
1295,train/58910.jpg,10-19,Female,East Asian,True
1296,train/58944.jpg,40-49,Female,White,True
1297,train/58951.jpg,10-19,Male,Middle Eastern,True
1298,train/58963.jpg,20-29,Male,White,True
1299,train/58964.jpg,30-39,Female,Latino_Hispanic,True
1300,train/58981.jpg,30-39,Female,White,True
1301,train/58992.jpg,40-49,Male,Middle Eastern,True
1302,train/59051.jpg,3-9,Male,Latino_Hispanic,True
1303,train/59139.jpg,40-49,Male,Black,True
1304,train/59140.jpg,30-39,Male,Black,True
1305,train/5920.jpg,20-29,Female,White,True
1306,train/59240.jpg,30-39,Female,East Asian,True
1307,train/59244.jpg,60-69,Male,Latino_Hispanic,True
1308,train/5941.jpg,20-29,Male,White,True
1309,train/59462.jpg,3-9,Male,Indian,True
1310,train/59477.jpg,20-29,Female,White,True
1311,train/59496.jpg,30-39,Male,Indian,True
1312,train/5951.jpg,3-9,Male,White,True
1313,train/59552.jpg,30-39,Female,Indian,True
1314,train/5963.jpg,20-29,Male,Indian,True
1315,train/59633.jpg,20-29,Female,Southeast Asian,True
1316,train/5964.jpg,30-39,Male,Latino_Hispanic,True
1317,train/59729.jpg,20-29,Male,Latino_Hispanic,True
1318,train/59774.jpg,20-29,Male,Indian,True
1319,train/59869.jpg,10-19,Male,Southeast Asian,True
1320,train/59870.jpg,40-49,Male,East Asian,True
1321,train/59949.jpg,30-39,Male,Black,True
1322,train/59973.jpg,3-9,Male,Black,True
1323,train/6.jpg,20-29,Male,White,True
1324,train/60032.jpg,20-29,Male,Southeast Asian,True
1325,train/60076.jpg,3-9,Female,Southeast Asian,True
1326,train/6010.jpg,10-19,Male,White,True
1327,train/60261.jpg,30-39,Female,Black,True
1328,train/60268.jpg,40-49,Female,Southeast Asian,True
1329,train/603.jpg,20-29,Female,Indian,True
1330,train/60396.jpg,20-29,Female,Middle Eastern,True
1331,train/60398.jpg,3-9,Female,Middle Eastern,True
1332,train/60454.jpg,10-19,Male,White,True
1333,train/60508.jpg,20-29,Male,East Asian,True
1334,train/6051.jpg,10-19,Female,Black,True
1335,train/6056.jpg,20-29,Male,Black,True
1336,train/60605.jpg,50-59,Male,Indian,True
1337,train/60644.jpg,20-29,Male,Indian,True
1338,train/60653.jpg,40-49,Male,Indian,True
1339,train/60692.jpg,0-2,Female,Latino_Hispanic,True
1340,train/60722.jpg,20-29,Male,White,True
1341,train/60774.jpg,0-2,Female,Middle Eastern,True
1342,train/60830.jpg,30-39,Female,East Asian,True
1343,train/60859.jpg,20-29,Female,Latino_Hispanic,True
1344,train/60875.jpg,20-29,Male,White,True
1345,train/60895.jpg,40-49,Male,East Asian,True
1346,train/60911.jpg,30-39,Female,Middle Eastern,True
1347,train/60952.jpg,20-29,Male,Latino_Hispanic,True
1348,train/61003.jpg,30-39,Female,White,True
1349,train/61060.jpg,10-19,Male,White,True
1350,train/61153.jpg,20-29,Female,White,True
1351,train/61169.jpg,50-59,Male,Southeast Asian,True
1352,train/61186.jpg,40-49,Male,White,True
1353,train/61266.jpg,more than 70,Male,Indian,True
1354,train/61381.jpg,20-29,Male,Latino_Hispanic,True
1355,train/61413.jpg,40-49,Male,Black,True
1356,train/61437.jpg,10-19,Female,Southeast Asian,True
1357,train/61482.jpg,20-29,Female,East Asian,True
1358,train/61492.jpg,30-39,Female,Black,True
1359,train/61543.jpg,3-9,Female,Middle Eastern,True
1360,train/61578.jpg,20-29,Male,Latino_Hispanic,True
1361,train/61637.jpg,3-9,Female,Middle Eastern,True
1362,train/61662.jpg,20-29,Male,Indian,True
1363,train/61675.jpg,30-39,Female,Southeast Asian,True
1364,train/61756.jpg,20-29,Female,Latino_Hispanic,True
1365,train/61865.jpg,30-39,Female,White,True
1366,train/61894.jpg,30-39,Male,Indian,True
1367,train/61949.jpg,30-39,Male,Indian,True
1368,train/61953.jpg,10-19,Male,Middle Eastern,True
1369,train/61957.jpg,20-29,Male,White,True
1370,train/61965.jpg,30-39,Male,Black,True
1371,train/62030.jpg,20-29,Male,Black,True
1372,train/62060.jpg,20-29,Male,Black,True
1373,train/62161.jpg,20-29,Female,Indian,True
1374,train/62246.jpg,20-29,Female,East Asian,True
1375,train/62257.jpg,0-2,Male,East Asian,True
1376,train/62284.jpg,20-29,Female,White,True
1377,train/62286.jpg,20-29,Female,East Asian,True
1378,train/62329.jpg,10-19,Female,Indian,True
1379,train/6241.jpg,50-59,Male,Middle Eastern,True
1380,train/62431.jpg,30-39,Female,East Asian,True
1381,train/62469.jpg,20-29,Female,Indian,True
1382,train/62532.jpg,30-39,Female,Latino_Hispanic,True
1383,train/62572.jpg,20-29,Female,Southeast Asian,True
1384,train/62584.jpg,20-29,Female,Black,True
1385,train/62868.jpg,20-29,Male,Southeast Asian,True
1386,train/62926.jpg,60-69,Female,Latino_Hispanic,True
1387,train/62930.jpg,30-39,Male,Middle Eastern,True
1388,train/6294.jpg,10-19,Female,Indian,True
1389,train/62948.jpg,10-19,Male,Middle Eastern,True
1390,train/63011.jpg,20-29,Female,Latino_Hispanic,True
1391,train/63078.jpg,20-29,Male,Middle Eastern,True
1392,train/63086.jpg,20-29,Male,East Asian,True
1393,train/63099.jpg,30-39,Male,Middle Eastern,True
1394,train/63109.jpg,30-39,Male,White,True
1395,train/63128.jpg,20-29,Female,Indian,True
1396,train/63140.jpg,20-29,Female,Latino_Hispanic,True
1397,train/63185.jpg,20-29,Female,Middle Eastern,True
1398,train/63194.jpg,60-69,Male,Middle Eastern,True
1399,train/63219.jpg,20-29,Male,White,True
1400,train/63226.jpg,20-29,Male,Latino_Hispanic,True
1401,train/63265.jpg,40-49,Male,Black,True
1402,train/63302.jpg,20-29,Female,Middle Eastern,True
1403,train/63388.jpg,more than 70,Female,East Asian,True
1404,train/634.jpg,20-29,Male,East Asian,True
1405,train/63412.jpg,10-19,Female,Latino_Hispanic,True
1406,train/63480.jpg,20-29,Female,White,True
1407,train/6361.jpg,10-19,Female,White,True
1408,train/63747.jpg,20-29,Female,Latino_Hispanic,True
1409,train/63754.jpg,50-59,Male,Latino_Hispanic,True
1410,train/6377.jpg,3-9,Female,Latino_Hispanic,True
1411,train/63834.jpg,40-49,Male,Black,True
1412,train/63868.jpg,50-59,Male,Black,True
1413,train/63877.jpg,30-39,Male,Middle Eastern,True
1414,train/63879.jpg,10-19,Female,White,True
1415,train/63882.jpg,3-9,Male,Southeast Asian,True
1416,train/63928.jpg,60-69,Male,White,True
1417,train/6395.jpg,10-19,Female,Middle Eastern,True
1418,train/63952.jpg,20-29,Male,Indian,True
1419,train/63989.jpg,30-39,Female,East Asian,True
1420,train/64055.jpg,20-29,Male,Black,True
1421,train/64124.jpg,20-29,Female,Middle Eastern,True
1422,train/64127.jpg,10-19,Male,White,True
1423,train/64128.jpg,20-29,Female,East Asian,True
1424,train/64138.jpg,3-9,Female,Southeast Asian,True
1425,train/64154.jpg,20-29,Female,Indian,True
1426,train/64200.jpg,40-49,Female,White,True
1427,train/64268.jpg,30-39,Male,Indian,True
1428,train/64281.jpg,50-59,Male,Middle Eastern,True
1429,train/64339.jpg,40-49,Male,Middle Eastern,True
1430,train/64436.jpg,20-29,Female,Middle Eastern,True
1431,train/64465.jpg,20-29,Male,East Asian,True
1432,train/64483.jpg,30-39,Male,East Asian,True
1433,train/64682.jpg,30-39,Female,Latino_Hispanic,True
1434,train/64763.jpg,40-49,Male,Indian,True
1435,train/64779.jpg,10-19,Male,Indian,True
1436,train/6481.jpg,30-39,Female,White,True
1437,train/64879.jpg,20-29,Female,Middle Eastern,True
1438,train/64892.jpg,40-49,Male,White,True
1439,train/64928.jpg,20-29,Male,East Asian,True
1440,train/64931.jpg,30-39,Male,Middle Eastern,True
1441,train/64943.jpg,3-9,Male,White,True
1442,train/6498.jpg,30-39,Male,White,True
1443,train/65075.jpg,3-9,Male,Southeast Asian,True
1444,train/65094.jpg,20-29,Female,Middle Eastern,True
1445,train/65153.jpg,3-9,Female,East Asian,True
1446,train/65236.jpg,10-19,Male,Middle Eastern,True
1447,train/65280.jpg,30-39,Male,White,True
1448,train/65291.jpg,30-39,Female,Latino_Hispanic,True
1449,train/65316.jpg,10-19,Female,Latino_Hispanic,True
1450,train/65331.jpg,40-49,Male,Black,True
1451,train/65390.jpg,20-29,Male,White,True
1452,train/65538.jpg,40-49,Female,Black,True
1453,train/65590.jpg,40-49,Male,East Asian,True
1454,train/65611.jpg,20-29,Female,East Asian,True
1455,train/65622.jpg,30-39,Male,Middle Eastern,True
1456,train/65686.jpg,20-29,Male,Southeast Asian,True
1457,train/6570.jpg,30-39,Female,Black,True
1458,train/65749.jpg,20-29,Female,White,True
1459,train/65784.jpg,20-29,Male,East Asian,True
1460,train/65797.jpg,30-39,Female,Latino_Hispanic,True
1461,train/65835.jpg,3-9,Male,White,True
1462,train/65852.jpg,40-49,Male,Middle Eastern,True
1463,train/65859.jpg,0-2,Female,Black,True
1464,train/65868.jpg,20-29,Female,Black,True
1465,train/65873.jpg,20-29,Female,Latino_Hispanic,True
1466,train/65931.jpg,50-59,Female,East Asian,True
1467,train/65932.jpg,3-9,Male,Indian,True
1468,train/65963.jpg,50-59,Male,East Asian,True
1469,train/65980.jpg,20-29,Female,East Asian,True
1470,train/66050.jpg,3-9,Female,Black,True
1471,train/66054.jpg,30-39,Female,Middle Eastern,True
1472,train/66091.jpg,30-39,Female,White,True
1473,train/66104.jpg,20-29,Male,East Asian,True
1474,train/66117.jpg,3-9,Female,White,True
1475,train/66167.jpg,30-39,Female,Middle Eastern,True
1476,train/66223.jpg,30-39,Male,East Asian,True
1477,train/66231.jpg,30-39,Male,Black,True
1478,train/66329.jpg,3-9,Male,Indian,True
1479,train/6638.jpg,10-19,Female,White,True
1480,train/66384.jpg,30-39,Male,Latino_Hispanic,True
1481,train/66408.jpg,30-39,Male,East Asian,True
1482,train/66433.jpg,more than 70,Female,Latino_Hispanic,True
1483,train/66436.jpg,20-29,Male,White,True
1484,train/66475.jpg,40-49,Male,East Asian,True
1485,train/66519.jpg,20-29,Female,White,True
1486,train/66576.jpg,40-49,Male,Southeast Asian,True
1487,train/66582.jpg,60-69,Male,Southeast Asian,True
1488,train/66591.jpg,50-59,Male,Black,True
1489,train/66634.jpg,30-39,Male,White,True
1490,train/6674.jpg,20-29,Male,East Asian,True
1491,train/66762.jpg,20-29,Female,Middle Eastern,True
1492,train/66767.jpg,30-39,Male,Latino_Hispanic,True
1493,train/66779.jpg,10-19,Male,White,True
1494,train/66789.jpg,30-39,Female,Middle Eastern,True
1495,train/66801.jpg,20-29,Male,Black,True
1496,train/66838.jpg,20-29,Male,Middle Eastern,True
1497,train/66855.jpg,20-29,Female,Middle Eastern,True
1498,train/66870.jpg,20-29,Male,Black,True
1499,train/66878.jpg,20-29,Female,Latino_Hispanic,True
1500,train/66900.jpg,40-49,Female,Middle Eastern,True
1501,train/6695.jpg,20-29,Female,East Asian,True
1502,train/67014.jpg,20-29,Male,East Asian,True
1503,train/67031.jpg,30-39,Male,Latino_Hispanic,True
1504,train/6705.jpg,20-29,Male,Black,True
1505,train/6710.jpg,60-69,Female,Middle Eastern,True
1506,train/67108.jpg,20-29,Male,East Asian,True
1507,train/67122.jpg,20-29,Male,Indian,True
1508,train/67173.jpg,30-39,Male,Black,True
1509,train/67209.jpg,20-29,Female,Latino_Hispanic,True
1510,train/67227.jpg,20-29,Male,Latino_Hispanic,True
1511,train/67253.jpg,30-39,Female,Middle Eastern,True
1512,train/67265.jpg,10-19,Male,Latino_Hispanic,True
1513,train/67443.jpg,40-49,Male,Indian,True
1514,train/67449.jpg,30-39,Male,Middle Eastern,True
1515,train/67458.jpg,50-59,Female,East Asian,True
1516,train/67498.jpg,20-29,Female,Indian,True
1517,train/67586.jpg,3-9,Male,Black,True
1518,train/67589.jpg,more than 70,Female,East Asian,True
1519,train/67603.jpg,20-29,Female,Indian,True
1520,train/67604.jpg,30-39,Male,Black,True
1521,train/67661.jpg,20-29,Male,White,True
1522,train/67674.jpg,30-39,Female,Middle Eastern,True
1523,train/67749.jpg,0-2,Male,East Asian,True
1524,train/67880.jpg,20-29,Female,Middle Eastern,True
1525,train/67915.jpg,20-29,Male,East Asian,True
1526,train/67928.jpg,30-39,Male,East Asian,True
1527,train/67971.jpg,50-59,Female,East Asian,True
1528,train/67987.jpg,60-69,Female,Latino_Hispanic,True
1529,train/68057.jpg,30-39,Female,White,True
1530,train/68126.jpg,40-49,Female,Southeast Asian,True
1531,train/68138.jpg,40-49,Male,White,True
1532,train/6823.jpg,40-49,Male,Indian,True
1533,train/6824.jpg,3-9,Female,East Asian,True
1534,train/68240.jpg,20-29,Male,Southeast Asian,True
1535,train/68249.jpg,60-69,Male,Latino_Hispanic,True
1536,train/68263.jpg,10-19,Male,East Asian,True
1537,train/68307.jpg,20-29,Male,Southeast Asian,True
1538,train/68395.jpg,10-19,Male,White,True
1539,train/68397.jpg,60-69,Female,East Asian,True
1540,train/68443.jpg,40-49,Male,Southeast Asian,True
1541,train/68496.jpg,20-29,Male,Black,True
1542,train/68511.jpg,30-39,Female,Middle Eastern,True
1543,train/68539.jpg,50-59,Male,White,True
1544,train/6854.jpg,40-49,Male,Latino_Hispanic,True
1545,train/68561.jpg,3-9,Female,Black,True
1546,train/68591.jpg,30-39,Female,Middle Eastern,True
1547,train/68602.jpg,60-69,Female,White,True
1548,train/6864.jpg,3-9,Male,Middle Eastern,True
1549,train/68644.jpg,20-29,Male,Indian,True
1550,train/68859.jpg,40-49,Female,Black,True
1551,train/6886.jpg,20-29,Male,Black,True
1552,train/68965.jpg,20-29,Female,East Asian,True
1553,train/69011.jpg,3-9,Female,Indian,True
1554,train/69042.jpg,20-29,Male,Southeast Asian,True
1555,train/69223.jpg,10-19,Female,East Asian,True
1556,train/69292.jpg,40-49,Male,White,True
1557,train/69384.jpg,more than 70,Male,Southeast Asian,True
1558,train/69388.jpg,20-29,Female,Latino_Hispanic,True
1559,train/69470.jpg,30-39,Male,Latino_Hispanic,True
1560,train/69504.jpg,20-29,Male,Black,True
1561,train/69508.jpg,3-9,Male,East Asian,True
1562,train/69522.jpg,30-39,Male,Latino_Hispanic,True
1563,train/69550.jpg,20-29,Female,Southeast Asian,True
1564,train/69584.jpg,30-39,Female,White,True
1565,train/69632.jpg,20-29,Male,White,True
1566,train/6966.jpg,20-29,Female,White,True
1567,train/69663.jpg,20-29,Female,Black,True
1568,train/69728.jpg,10-19,Female,Black,True
1569,train/69738.jpg,10-19,Male,Latino_Hispanic,True
1570,train/69753.jpg,20-29,Male,Indian,True
1571,train/69784.jpg,40-49,Male,White,True
1572,train/69791.jpg,30-39,Female,White,True
1573,train/69803.jpg,20-29,Female,East Asian,True
1574,train/69814.jpg,30-39,Male,White,True
1575,train/69815.jpg,20-29,Female,Southeast Asian,True
1576,train/69820.jpg,20-29,Male,Black,True
1577,train/6985.jpg,30-39,Male,Latino_Hispanic,True
1578,train/69888.jpg,30-39,Male,Latino_Hispanic,True
1579,train/69941.jpg,10-19,Female,East Asian,True
1580,train/69978.jpg,50-59,Male,Indian,True
1581,train/70053.jpg,30-39,Female,White,True
1582,train/70117.jpg,20-29,Female,Black,True
1583,train/70118.jpg,50-59,Male,Indian,True
1584,train/70150.jpg,20-29,Male,White,True
1585,train/70165.jpg,30-39,Male,Black,True
1586,train/70178.jpg,20-29,Female,Latino_Hispanic,True
1587,train/70211.jpg,20-29,Female,Black,True
1588,train/70216.jpg,30-39,Female,White,True
1589,train/70260.jpg,40-49,Male,White,True
1590,train/70286.jpg,40-49,Female,Middle Eastern,True
1591,train/70520.jpg,30-39,Female,White,True
1592,train/70522.jpg,10-19,Male,Middle Eastern,True
1593,train/70541.jpg,30-39,Male,East Asian,True
1594,train/70555.jpg,20-29,Male,White,True
1595,train/70561.jpg,30-39,Male,White,True
1596,train/70615.jpg,20-29,Female,White,True
1597,train/70626.jpg,3-9,Male,Latino_Hispanic,True
1598,train/7065.jpg,20-29,Female,Middle Eastern,True
1599,train/70716.jpg,30-39,Female,Black,True
1600,train/7074.jpg,40-49,Female,Black,True
1601,train/70806.jpg,3-9,Female,Black,True
1602,train/70877.jpg,40-49,Male,White,True
1603,train/70882.jpg,3-9,Male,Middle Eastern,True
1604,train/7091.jpg,20-29,Female,White,True
1605,train/70990.jpg,20-29,Male,Middle Eastern,True
1606,train/71077.jpg,3-9,Female,Middle Eastern,True
1607,train/71127.jpg,3-9,Female,Latino_Hispanic,True
1608,train/71153.jpg,20-29,Male,East Asian,True
1609,train/7121.jpg,60-69,Male,Latino_Hispanic,True
1610,train/71262.jpg,30-39,Female,Middle Eastern,True
1611,train/71327.jpg,20-29,Female,Southeast Asian,True
1612,train/71354.jpg,30-39,Male,Southeast Asian,True
1613,train/71368.jpg,20-29,Male,Latino_Hispanic,True
1614,train/71385.jpg,30-39,Male,Indian,True
1615,train/71423.jpg,20-29,Male,White,True
1616,train/71492.jpg,60-69,Male,Latino_Hispanic,True
1617,train/71517.jpg,40-49,Female,White,True
1618,train/71539.jpg,30-39,Male,White,True
1619,train/71545.jpg,20-29,Female,Southeast Asian,True
1620,train/71546.jpg,30-39,Male,Southeast Asian,True
1621,train/71555.jpg,30-39,Male,Indian,True
1622,train/71570.jpg,3-9,Female,East Asian,True
1623,train/716.jpg,10-19,Male,Latino_Hispanic,True
1624,train/71691.jpg,10-19,Female,White,True
1625,train/717.jpg,20-29,Male,White,True
1626,train/71723.jpg,40-49,Female,White,True
1627,train/71742.jpg,10-19,Male,White,True
1628,train/71746.jpg,40-49,Male,Black,True
1629,train/71754.jpg,20-29,Male,Middle Eastern,True
1630,train/71810.jpg,30-39,Male,Latino_Hispanic,True
1631,train/71841.jpg,3-9,Female,Latino_Hispanic,True
1632,train/71869.jpg,20-29,Female,White,True
1633,train/7194.jpg,20-29,Male,Latino_Hispanic,True
1634,train/71944.jpg,10-19,Male,Latino_Hispanic,True
1635,train/72033.jpg,50-59,Male,White,True
1636,train/72146.jpg,60-69,Female,Latino_Hispanic,True
1637,train/72179.jpg,60-69,Male,Black,True
1638,train/72234.jpg,40-49,Female,Latino_Hispanic,True
1639,train/72260.jpg,20-29,Female,White,True
1640,train/72336.jpg,3-9,Female,Southeast Asian,True
1641,train/72341.jpg,40-49,Male,Southeast Asian,True
1642,train/72430.jpg,20-29,Female,White,True
1643,train/72431.jpg,20-29,Male,Southeast Asian,True
1644,train/72433.jpg,30-39,Female,White,True
1645,train/72446.jpg,60-69,Male,Middle Eastern,True
1646,train/72476.jpg,20-29,Male,Middle Eastern,True
1647,train/72480.jpg,20-29,Female,Black,True
1648,train/72488.jpg,40-49,Male,East Asian,True
1649,train/7249.jpg,30-39,Male,White,True
1650,train/72533.jpg,30-39,Female,White,True
1651,train/72542.jpg,10-19,Male,Middle Eastern,True
1652,train/72546.jpg,20-29,Male,Middle Eastern,True
1653,train/72553.jpg,20-29,Male,Latino_Hispanic,True
1654,train/72584.jpg,20-29,Female,Southeast Asian,True
1655,train/72646.jpg,30-39,Male,Southeast Asian,True
1656,train/72763.jpg,60-69,Male,Black,True
1657,train/7277.jpg,10-19,Female,Middle Eastern,True
1658,train/72801.jpg,10-19,Female,Latino_Hispanic,True
1659,train/72803.jpg,50-59,Male,East Asian,True
1660,train/72825.jpg,50-59,Female,Indian,True
1661,train/72862.jpg,40-49,Male,Middle Eastern,True
1662,train/7289.jpg,30-39,Male,Middle Eastern,True
1663,train/72900.jpg,30-39,Male,Black,True
1664,train/72961.jpg,30-39,Male,East Asian,True
1665,train/7301.jpg,30-39,Female,Southeast Asian,True
1666,train/73010.jpg,40-49,Male,Southeast Asian,True
1667,train/73061.jpg,10-19,Female,White,True
1668,train/73137.jpg,30-39,Female,Latino_Hispanic,True
1669,train/73181.jpg,40-49,Female,East Asian,True
1670,train/73235.jpg,60-69,Female,East Asian,True
1671,train/73304.jpg,10-19,Female,East Asian,True
1672,train/73308.jpg,30-39,Male,Southeast Asian,True
1673,train/7338.jpg,20-29,Female,White,True
1674,train/73392.jpg,50-59,Male,Indian,True
1675,train/73399.jpg,40-49,Female,Middle Eastern,True
1676,train/73404.jpg,40-49,Male,Latino_Hispanic,True
1677,train/73411.jpg,30-39,Female,Latino_Hispanic,True
1678,train/73415.jpg,40-49,Male,White,True
1679,train/73453.jpg,20-29,Female,White,True
1680,train/73456.jpg,40-49,Male,Black,True
1681,train/73510.jpg,20-29,Female,Latino_Hispanic,True
1682,train/73527.jpg,30-39,Male,Black,True
1683,train/73608.jpg,20-29,Female,East Asian,True
1684,train/73613.jpg,50-59,Male,Black,True
1685,train/73646.jpg,20-29,Male,East Asian,True
1686,train/73690.jpg,20-29,Male,East Asian,True
1687,train/73709.jpg,3-9,Female,Black,True
1688,train/7375.jpg,40-49,Male,White,True
1689,train/73771.jpg,30-39,Male,Latino_Hispanic,True
1690,train/73808.jpg,30-39,Male,Black,True
1691,train/73841.jpg,3-9,Male,Latino_Hispanic,True
1692,train/73868.jpg,20-29,Male,Latino_Hispanic,True
1693,train/73897.jpg,20-29,Female,Middle Eastern,True
1694,train/73898.jpg,10-19,Female,Latino_Hispanic,True
1695,train/73914.jpg,30-39,Male,White,True
1696,train/73935.jpg,20-29,Female,Black,True
1697,train/73949.jpg,3-9,Male,Latino_Hispanic,True
1698,train/74031.jpg,20-29,Female,Latino_Hispanic,True
1699,train/74042.jpg,30-39,Male,Middle Eastern,True
1700,train/74047.jpg,50-59,Male,Indian,True
1701,train/74055.jpg,30-39,Female,Indian,True
1702,train/74080.jpg,10-19,Male,Latino_Hispanic,True
1703,train/74084.jpg,30-39,Female,Middle Eastern,True
1704,train/74103.jpg,30-39,Male,Black,True
1705,train/74136.jpg,60-69,Male,White,True
1706,train/74155.jpg,30-39,Female,Indian,True
1707,train/74377.jpg,60-69,Female,Black,True
1708,train/74400.jpg,40-49,Male,Middle Eastern,True
1709,train/7447.jpg,3-9,Female,Southeast Asian,True
1710,train/74491.jpg,30-39,Female,White,True
1711,train/74597.jpg,20-29,Female,East Asian,True
1712,train/746.jpg,40-49,Female,Latino_Hispanic,True
1713,train/74618.jpg,40-49,Female,Southeast Asian,True
1714,train/74784.jpg,60-69,Female,White,True
1715,train/74793.jpg,20-29,Male,Black,True
1716,train/74841.jpg,20-29,Male,East Asian,True
1717,train/74859.jpg,30-39,Female,East Asian,True
1718,train/74910.jpg,20-29,Female,East Asian,True
1719,train/74918.jpg,30-39,Male,Middle Eastern,True
1720,train/7492.jpg,10-19,Female,White,True
1721,train/74992.jpg,3-9,Male,Black,True
1722,train/75.jpg,30-39,Male,Indian,True
1723,train/75071.jpg,30-39,Male,Black,True
1724,train/75127.jpg,20-29,Male,White,True
1725,train/75280.jpg,20-29,Male,Indian,True
1726,train/75304.jpg,30-39,Female,Middle Eastern,True
1727,train/75368.jpg,30-39,Female,Black,True
1728,train/75558.jpg,20-29,Male,Southeast Asian,True
1729,train/75637.jpg,60-69,Female,Indian,True
1730,train/75664.jpg,40-49,Female,Southeast Asian,True
1731,train/75728.jpg,50-59,Male,Indian,True
1732,train/75784.jpg,20-29,Female,Middle Eastern,True
1733,train/75841.jpg,60-69,Male,Middle Eastern,True
1734,train/75908.jpg,40-49,Female,White,True
1735,train/75986.jpg,20-29,Male,East Asian,True
1736,train/76016.jpg,20-29,Female,White,True
1737,train/76062.jpg,60-69,Male,Latino_Hispanic,True
1738,train/76147.jpg,20-29,Male,Middle Eastern,True
1739,train/76167.jpg,20-29,Male,Black,True
1740,train/76230.jpg,20-29,Female,East Asian,True
1741,train/76253.jpg,10-19,Female,Latino_Hispanic,True
1742,train/76307.jpg,40-49,Female,Black,True
1743,train/76343.jpg,30-39,Male,White,True
1744,train/76360.jpg,40-49,Male,White,True
1745,train/7639.jpg,30-39,Male,White,True
1746,train/76411.jpg,30-39,Male,Black,True
1747,train/76470.jpg,3-9,Male,Black,True
1748,train/76473.jpg,30-39,Male,Southeast Asian,True
1749,train/76484.jpg,20-29,Female,Southeast Asian,True
1750,train/76487.jpg,50-59,Female,East Asian,True
1751,train/7664.jpg,40-49,Male,White,True
1752,train/76649.jpg,30-39,Male,Indian,True
1753,train/76693.jpg,more than 70,Female,Middle Eastern,True
1754,train/76771.jpg,20-29,Male,White,True
1755,train/76853.jpg,10-19,Female,Southeast Asian,True
1756,train/7692.jpg,10-19,Female,Southeast Asian,True
1757,train/76930.jpg,30-39,Male,White,True
1758,train/76969.jpg,30-39,Female,Latino_Hispanic,True
1759,train/76979.jpg,30-39,Male,Southeast Asian,True
1760,train/77320.jpg,30-39,Male,East Asian,True
1761,train/77399.jpg,30-39,Male,Black,True
1762,train/7749.jpg,60-69,Female,Black,True
1763,train/77501.jpg,10-19,Male,East Asian,True
1764,train/77524.jpg,30-39,Male,Latino_Hispanic,True
1765,train/77527.jpg,20-29,Male,East Asian,True
1766,train/77545.jpg,10-19,Female,East Asian,True
1767,train/77648.jpg,0-2,Male,Latino_Hispanic,True
1768,train/77697.jpg,10-19,Male,White,True
1769,train/77708.jpg,20-29,Male,White,True
1770,train/77776.jpg,20-29,Male,White,True
1771,train/77796.jpg,30-39,Male,East Asian,True
1772,train/77811.jpg,3-9,Female,Indian,True
1773,train/77814.jpg,30-39,Male,Black,True
1774,train/77824.jpg,60-69,Female,Latino_Hispanic,True
1775,train/77857.jpg,40-49,Male,Latino_Hispanic,True
1776,train/77907.jpg,20-29,Male,Indian,True
1777,train/77927.jpg,40-49,Female,White,True
1778,train/77935.jpg,40-49,Male,Latino_Hispanic,True
1779,train/78022.jpg,20-29,Male,East Asian,True
1780,train/78033.jpg,20-29,Male,White,True
1781,train/78044.jpg,30-39,Male,Indian,True
1782,train/78097.jpg,30-39,Male,White,True
1783,train/78229.jpg,30-39,Female,Indian,True
1784,train/78268.jpg,30-39,Male,Black,True
1785,train/78342.jpg,0-2,Female,Black,True
1786,train/78390.jpg,20-29,Male,Middle Eastern,True
1787,train/78427.jpg,40-49,Male,Indian,True
1788,train/78434.jpg,60-69,Male,Indian,True
1789,train/78460.jpg,20-29,Male,Indian,True
1790,train/78492.jpg,30-39,Female,Middle Eastern,True
1791,train/78517.jpg,3-9,Male,Black,True
1792,train/78528.jpg,40-49,Female,Indian,True
1793,train/78670.jpg,3-9,Male,White,True
1794,train/7872.jpg,30-39,Male,Black,True
1795,train/78777.jpg,40-49,Male,Southeast Asian,True
1796,train/78848.jpg,more than 70,Female,Middle Eastern,True
1797,train/78861.jpg,40-49,Female,East Asian,True
1798,train/78876.jpg,30-39,Female,White,True
1799,train/78890.jpg,50-59,Male,Black,True
1800,train/78926.jpg,20-29,Male,Middle Eastern,True
1801,train/78976.jpg,20-29,Male,Black,True
1802,train/78982.jpg,40-49,Female,Indian,True
1803,train/78995.jpg,50-59,Male,White,True
1804,train/79059.jpg,20-29,Female,Black,True
1805,train/79060.jpg,20-29,Male,Middle Eastern,True
1806,train/79118.jpg,20-29,Female,White,True
1807,train/79122.jpg,0-2,Male,White,True
1808,train/79141.jpg,20-29,Female,Latino_Hispanic,True
1809,train/79142.jpg,40-49,Female,White,True
1810,train/7918.jpg,3-9,Female,Latino_Hispanic,True
1811,train/79306.jpg,30-39,Female,Black,True
1812,train/7932.jpg,30-39,Female,White,True
1813,train/79350.jpg,60-69,Male,Southeast Asian,True
1814,train/79381.jpg,10-19,Female,Middle Eastern,True
1815,train/79394.jpg,30-39,Female,Middle Eastern,True
1816,train/79468.jpg,3-9,Male,Indian,True
1817,train/79505.jpg,10-19,Male,Latino_Hispanic,True
1818,train/79526.jpg,20-29,Male,Black,True
1819,train/796.jpg,30-39,Male,Southeast Asian,True
1820,train/79614.jpg,20-29,Male,Middle Eastern,True
1821,train/79617.jpg,3-9,Female,Middle Eastern,True
1822,train/79640.jpg,30-39,Male,Southeast Asian,True
1823,train/79654.jpg,10-19,Female,White,True
1824,train/79715.jpg,50-59,Male,Southeast Asian,True
1825,train/79762.jpg,20-29,Male,Latino_Hispanic,True
1826,train/79797.jpg,20-29,Female,Middle Eastern,True
1827,train/79828.jpg,10-19,Female,Southeast Asian,True
1828,train/79862.jpg,20-29,Female,Black,True
1829,train/79933.jpg,20-29,Male,White,True
1830,train/79990.jpg,20-29,Male,Black,True
1831,train/79995.jpg,50-59,Male,Indian,True
1832,train/8.jpg,30-39,Female,Indian,True
1833,train/80006.jpg,20-29,Female,White,True
1834,train/80013.jpg,20-29,Male,Middle Eastern,True
1835,train/80062.jpg,20-29,Female,Latino_Hispanic,True
1836,train/80064.jpg,30-39,Female,White,True
1837,train/80080.jpg,60-69,Male,White,True
1838,train/80277.jpg,3-9,Female,Black,True
1839,train/80321.jpg,30-39,Male,East Asian,True
1840,train/80388.jpg,50-59,Male,East Asian,True
1841,train/80433.jpg,20-29,Male,Middle Eastern,True
1842,train/80463.jpg,30-39,Female,Middle Eastern,True
1843,train/80483.jpg,30-39,Female,Middle Eastern,True
1844,train/80495.jpg,20-29,Female,White,True
1845,train/80504.jpg,30-39,Male,Indian,True
1846,train/80560.jpg,20-29,Male,Latino_Hispanic,True
1847,train/80577.jpg,20-29,Male,Latino_Hispanic,True
1848,train/80587.jpg,20-29,Male,Indian,True
1849,train/80596.jpg,20-29,Male,White,True
1850,train/80657.jpg,10-19,Male,White,True
1851,train/8072.jpg,10-19,Male,Southeast Asian,True
1852,train/80762.jpg,10-19,Female,Middle Eastern,True
1853,train/80786.jpg,10-19,Male,Latino_Hispanic,True
1854,train/8080.jpg,30-39,Female,East Asian,True
1855,train/80816.jpg,30-39,Female,White,True
1856,train/80817.jpg,60-69,Female,White,True
1857,train/80846.jpg,60-69,Male,Black,True
1858,train/80862.jpg,30-39,Female,Black,True
1859,train/80946.jpg,30-39,Female,White,True
1860,train/80975.jpg,20-29,Female,White,True
1861,train/80989.jpg,30-39,Female,White,True
1862,train/81001.jpg,40-49,Male,White,True
1863,train/81040.jpg,40-49,Male,Latino_Hispanic,True
1864,train/81184.jpg,30-39,Female,Indian,True
1865,train/81300.jpg,40-49,Male,White,True
1866,train/81321.jpg,10-19,Female,Southeast Asian,True
1867,train/81329.jpg,30-39,Female,White,True
1868,train/81336.jpg,30-39,Female,East Asian,True
1869,train/81345.jpg,3-9,Male,Indian,True
1870,train/81384.jpg,50-59,Male,Black,True
1871,train/81401.jpg,30-39,Female,White,True
1872,train/81474.jpg,20-29,Female,East Asian,True
1873,train/81549.jpg,40-49,Female,Middle Eastern,True
1874,train/81557.jpg,10-19,Female,Southeast Asian,True
1875,train/81559.jpg,30-39,Female,Middle Eastern,True
1876,train/81599.jpg,more than 70,Female,Southeast Asian,True
1877,train/81619.jpg,20-29,Male,Middle Eastern,True
1878,train/81626.jpg,20-29,Female,White,True
1879,train/81635.jpg,50-59,Female,White,True
1880,train/81661.jpg,40-49,Male,Middle Eastern,True
1881,train/81671.jpg,20-29,Male,Indian,True
1882,train/81693.jpg,3-9,Female,Black,True
1883,train/81740.jpg,30-39,Male,Middle Eastern,True
1884,train/81848.jpg,20-29,Male,Middle Eastern,True
1885,train/81858.jpg,20-29,Female,Indian,True
1886,train/81906.jpg,30-39,Male,Indian,True
1887,train/81961.jpg,10-19,Female,Latino_Hispanic,True
1888,train/82023.jpg,10-19,Female,White,True
1889,train/82049.jpg,20-29,Male,Black,True
1890,train/82052.jpg,20-29,Male,Southeast Asian,True
1891,train/82103.jpg,30-39,Female,White,True
1892,train/82128.jpg,3-9,Female,Southeast Asian,True
1893,train/82188.jpg,10-19,Male,Middle Eastern,True
1894,train/8219.jpg,20-29,Female,Southeast Asian,True
1895,train/82307.jpg,40-49,Female,Southeast Asian,True
1896,train/82311.jpg,20-29,Female,Black,True
1897,train/82364.jpg,30-39,Male,Middle Eastern,True
1898,train/82376.jpg,40-49,Female,Latino_Hispanic,True
1899,train/82382.jpg,20-29,Male,Indian,True
1900,train/82420.jpg,40-49,Female,Indian,True
1901,train/82426.jpg,10-19,Female,East Asian,True
1902,train/8249.jpg,40-49,Male,Southeast Asian,True
1903,train/82515.jpg,40-49,Male,Indian,True
1904,train/8253.jpg,30-39,Female,Middle Eastern,True
1905,train/82575.jpg,20-29,Female,Middle Eastern,True
1906,train/82578.jpg,30-39,Male,East Asian,True
1907,train/82626.jpg,40-49,Female,White,True
1908,train/82655.jpg,20-29,Male,Latino_Hispanic,True
1909,train/82657.jpg,20-29,Female,White,True
1910,train/82664.jpg,40-49,Female,White,True
1911,train/82700.jpg,20-29,Male,Indian,True
1912,train/82729.jpg,60-69,Male,White,True
1913,train/82776.jpg,20-29,Female,Middle Eastern,True
1914,train/82799.jpg,20-29,Male,White,True
1915,train/829.jpg,30-39,Female,Middle Eastern,True
1916,train/82910.jpg,20-29,Female,Middle Eastern,True
1917,train/82932.jpg,10-19,Female,Indian,True
1918,train/82982.jpg,30-39,Male,Middle Eastern,True
1919,train/82999.jpg,30-39,Female,Black,True
1920,train/83020.jpg,30-39,Male,Black,True
1921,train/83032.jpg,40-49,Female,Indian,True
1922,train/83051.jpg,50-59,Male,East Asian,True
1923,train/83061.jpg,30-39,Male,Middle Eastern,True
1924,train/83116.jpg,20-29,Male,White,True
1925,train/83145.jpg,3-9,Female,Black,True
1926,train/83178.jpg,60-69,Male,White,True
1927,train/83184.jpg,50-59,Male,Black,True
1928,train/83210.jpg,30-39,Male,Southeast Asian,True
1929,train/83266.jpg,10-19,Male,Latino_Hispanic,True
1930,train/83288.jpg,60-69,Female,East Asian,True
1931,train/83311.jpg,30-39,Female,East Asian,True
1932,train/83325.jpg,20-29,Female,Southeast Asian,True
1933,train/83345.jpg,20-29,Male,White,True
1934,train/83416.jpg,50-59,Female,Middle Eastern,True
1935,train/83441.jpg,20-29,Male,White,True
1936,train/83456.jpg,20-29,Male,East Asian,True
1937,train/83517.jpg,40-49,Female,White,True
1938,train/83550.jpg,20-29,Female,Black,True
1939,train/83591.jpg,60-69,Female,White,True
1940,train/83688.jpg,20-29,Female,Latino_Hispanic,True
1941,train/8386.jpg,30-39,Male,White,True
1942,train/83914.jpg,10-19,Male,Black,True
1943,train/83923.jpg,40-49,Male,Middle Eastern,True
1944,train/83936.jpg,3-9,Female,Indian,True
1945,train/83939.jpg,30-39,Male,East Asian,True
1946,train/83961.jpg,30-39,Male,White,True
1947,train/83999.jpg,20-29,Male,East Asian,True
1948,train/84023.jpg,10-19,Female,Latino_Hispanic,True
1949,train/84105.jpg,20-29,Male,Indian,True
1950,train/84124.jpg,20-29,Male,Middle Eastern,True
1951,train/84143.jpg,40-49,Female,East Asian,True
1952,train/84174.jpg,20-29,Male,White,True
1953,train/84276.jpg,20-29,Female,White,True
1954,train/84290.jpg,50-59,Female,White,True
1955,train/84312.jpg,60-69,Female,White,True
1956,train/84343.jpg,20-29,Male,Indian,True
1957,train/84418.jpg,30-39,Female,White,True
1958,train/84452.jpg,20-29,Female,Latino_Hispanic,True
1959,train/84479.jpg,50-59,Female,Indian,True
1960,train/84553.jpg,20-29,Male,Southeast Asian,True
1961,train/84565.jpg,30-39,Male,Latino_Hispanic,True
1962,train/84599.jpg,30-39,Female,Southeast Asian,True
1963,train/84616.jpg,30-39,Female,Latino_Hispanic,True
1964,train/84638.jpg,20-29,Male,White,True
1965,train/84640.jpg,30-39,Female,East Asian,True
1966,train/84685.jpg,10-19,Female,East Asian,True
1967,train/84698.jpg,30-39,Female,East Asian,True
1968,train/8470.jpg,30-39,Female,White,True
1969,train/84799.jpg,50-59,Male,White,True
1970,train/84800.jpg,20-29,Male,Indian,True
1971,train/84828.jpg,10-19,Female,White,True
1972,train/84911.jpg,40-49,Female,Black,True
1973,train/84923.jpg,20-29,Male,Middle Eastern,True
1974,train/85039.jpg,20-29,Male,White,True
1975,train/85059.jpg,20-29,Female,East Asian,True
1976,train/8508.jpg,40-49,Female,East Asian,True
1977,train/85101.jpg,40-49,Female,East Asian,True
1978,train/85110.jpg,20-29,Male,East Asian,True
1979,train/85198.jpg,3-9,Female,Middle Eastern,True
1980,train/85267.jpg,3-9,Female,Middle Eastern,True
1981,train/85293.jpg,20-29,Female,Black,True
1982,train/85379.jpg,20-29,Female,Indian,True
1983,train/85384.jpg,30-39,Male,Southeast Asian,True
1984,train/85397.jpg,40-49,Male,Middle Eastern,True
1985,train/85430.jpg,20-29,Male,East Asian,True
1986,train/85458.jpg,40-49,Female,Black,True
1987,train/85648.jpg,30-39,Male,Black,True
1988,train/857.jpg,60-69,Female,East Asian,True
1989,train/85705.jpg,10-19,Female,Southeast Asian,True
1990,train/85777.jpg,10-19,Male,White,True
1991,train/85873.jpg,10-19,Female,Latino_Hispanic,True
1992,train/8591.jpg,10-19,Male,East Asian,True
1993,train/86008.jpg,30-39,Female,White,True
1994,train/86067.jpg,20-29,Male,East Asian,True
1995,train/86071.jpg,3-9,Male,White,True
1996,train/86274.jpg,30-39,Male,Black,True
1997,train/86372.jpg,20-29,Female,White,True
1998,train/86383.jpg,50-59,Male,Black,True
1999,train/8641.jpg,10-19,Male,East Asian,True
2000,train/86501.jpg,3-9,Male,Latino_Hispanic,True
2001,train/86533.jpg,20-29,Male,Black,True
2002,train/86564.jpg,40-49,Male,Middle Eastern,True
2003,train/86576.jpg,20-29,Female,Black,True
2004,train/86635.jpg,3-9,Male,Middle Eastern,True
2005,train/86677.jpg,30-39,Female,Black,True
2006,train/8668.jpg,20-29,Female,White,True
2007,train/86696.jpg,20-29,Male,East Asian,True
2008,train/867.jpg,40-49,Male,Indian,True
2009,train/8763.jpg,20-29,Male,East Asian,True
2010,train/8789.jpg,10-19,Female,Indian,True
2011,train/8824.jpg,20-29,Male,Black,True
2012,train/8834.jpg,more than 70,Female,Middle Eastern,True
2013,train/8868.jpg,more than 70,Female,Southeast Asian,True
2014,train/8908.jpg,3-9,Female,Latino_Hispanic,True
2015,train/8932.jpg,20-29,Male,White,True
2016,train/8985.jpg,3-9,Male,Black,True
2017,train/9038.jpg,40-49,Male,East Asian,True
2018,train/9042.jpg,30-39,Female,Latino_Hispanic,True
2019,train/9086.jpg,30-39,Female,East Asian,True
2020,train/9133.jpg,3-9,Female,White,True
2021,train/9260.jpg,40-49,Female,Indian,True
2022,train/9266.jpg,20-29,Female,East Asian,True
2023,train/9291.jpg,20-29,Male,Middle Eastern,True
2024,train/931.jpg,10-19,Male,White,True
2025,train/9329.jpg,20-29,Male,White,True
2026,train/9336.jpg,20-29,Male,Black,True
2027,train/9351.jpg,20-29,Female,Latino_Hispanic,True
2028,train/9392.jpg,10-19,Female,White,True
2029,train/9393.jpg,40-49,Male,Black,True
2030,train/9410.jpg,10-19,Female,Middle Eastern,True
2031,train/9428.jpg,20-29,Male,Black,True
2032,train/944.jpg,60-69,Female,Southeast Asian,True
2033,train/9462.jpg,20-29,Male,Latino_Hispanic,True
2034,train/9497.jpg,30-39,Female,Latino_Hispanic,True
2035,train/9543.jpg,30-39,Female,Southeast Asian,True
2036,train/9546.jpg,30-39,Male,Middle Eastern,True
2037,train/9555.jpg,50-59,Female,Southeast Asian,True
2038,train/9669.jpg,50-59,Female,Latino_Hispanic,True
2039,train/969.jpg,40-49,Male,Southeast Asian,True
2040,train/9714.jpg,30-39,Female,White,True
2041,train/9748.jpg,10-19,Female,Middle Eastern,True
2042,train/9776.jpg,20-29,Female,Indian,True
2043,train/9895.jpg,50-59,Male,East Asian,True
2044,train/9967.jpg,20-29,Male,Southeast Asian,True
